State,Account Length,Area Code,Int'l Plan,VMail Plan,VMail Message,Day Mins,Day Calls,Day Charge,Eve Mins,Eve Calls,Eve Charge,Night Mins,Night Calls,Night Charge,Intl Mins,Intl Calls,Intl Charge,CustServ Calls,TARGET
KS,128,415,no,yes,25,265.1,110,45.07,197.4,99,16.78,244.7,91,11.01,10,3,2.7,1,0
OH,107,415,no,yes,26,161.6,123,27.47,195.5,103,16.62,254.4,103,11.45,13.7,3,3.7,1,0
NJ,137,415,no,no,0,243.4,114,41.38,121.2,110,10.3,162.6,104,7.32,12.2,5,3.29,0,0
OH,84,408,yes,no,0,299.4,71,50.9,61.9,88,5.26,196.9,89,8.86,6.6,7,1.78,2,0
OK,75,415,yes,no,0,166.7,113,28.34,148.3,122,12.61,186.9,121,8.41,10.1,3,2.73,3,0
AL,118,510,yes,no,0,223.4,98,37.98,220.6,101,18.75,203.9,118,9.18,6.3,6,1.7,0,0
MA,121,510,no,yes,24,218.2,88,37.09,348.5,108,29.62,212.6,118,9.57,7.5,7,2.03,3,0
MO,147,415,yes,no,0,157,79,26.69,103.1,94,8.76,211.8,96,9.53,7.1,6,1.92,0,0
LA,117,408,no,no,0,184.5,97,31.37,351.6,80,29.89,215.8,90,9.71,8.7,4,2.35,1,0
WV,141,415,yes,yes,37,258.6,84,43.96,222,111,18.87,326.4,97,14.69,11.2,5,3.02,0,0
IN,65,415,no,no,0,129.1,137,21.95,228.5,83,19.42,208.8,111,9.4,12.7,6,3.43,4,1
RI,74,415,no,no,0,187.7,127,31.91,163.4,148,13.89,196,94,8.82,9.1,5,2.46,0,0
IA,168,408,no,no,0,128.8,96,21.9,104.9,71,8.92,141.1,128,6.35,11.2,2,3.02,1,0
MT,95,510,no,no,0,156.6,88,26.62,247.6,75,21.05,192.3,115,8.65,12.3,5,3.32,3,0
IA,62,415,no,no,0,120.7,70,20.52,307.2,76,26.11,203,99,9.14,13.1,6,3.54,4,0
NY,161,415,no,no,0,332.9,67,56.59,317.8,97,27.01,160.6,128,7.23,5.4,9,1.46,4,1
ID,85,408,no,yes,27,196.4,139,33.39,280.9,90,23.88,89.3,75,4.02,13.8,4,3.73,1,0
VT,93,510,no,no,0,190.7,114,32.42,218.2,111,18.55,129.6,121,5.83,8.1,3,2.19,3,0
VA,76,510,no,yes,33,189.7,66,32.25,212.8,65,18.09,165.7,108,7.46,10,5,2.7,1,0
TX,73,415,no,no,0,224.4,90,38.15,159.5,88,13.56,192.8,74,8.68,13,2,3.51,1,0
FL,147,415,no,no,0,155.1,117,26.37,239.7,93,20.37,208.8,133,9.4,10.6,4,2.86,0,0
CO,77,408,no,no,0,62.4,89,10.61,169.9,121,14.44,209.6,64,9.43,5.7,6,1.54,5,1
AZ,130,415,no,no,0,183,112,31.11,72.9,99,6.2,181.8,78,8.18,9.5,19,2.57,0,0
SC,111,415,no,no,0,110.4,103,18.77,137.3,102,11.67,189.6,105,8.53,7.7,6,2.08,2,0
VA,132,510,no,no,0,81.1,86,13.79,245.2,72,20.84,237,115,10.67,10.3,2,2.78,0,0
NE,174,415,no,no,0,124.3,76,21.13,277.1,112,23.55,250.7,115,11.28,15.5,5,4.19,3,0
WY,57,408,no,yes,39,213,115,36.21,191.1,112,16.24,182.7,115,8.22,9.5,3,2.57,0,0
MT,54,408,no,no,0,134.3,73,22.83,155.5,100,13.22,102.1,68,4.59,14.7,4,3.97,3,0
MO,20,415,no,no,0,190,109,32.3,258.2,84,21.95,181.5,102,8.17,6.3,6,1.7,0,0
HI,49,510,no,no,0,119.3,117,20.28,215.1,109,18.28,178.7,90,8.04,11.1,1,3,1,0
IL,142,415,no,no,0,84.8,95,14.42,136.7,63,11.62,250.5,148,11.27,14.2,6,3.83,2,0
NH,75,510,no,no,0,226.1,105,38.44,201.5,107,17.13,246.2,98,11.08,10.3,5,2.78,1,0
LA,172,408,no,no,0,212,121,36.04,31.2,115,2.65,293.3,78,13.2,12.6,10,3.4,3,0
AZ,12,408,no,no,0,249.6,118,42.43,252.4,119,21.45,280.2,90,12.61,11.8,3,3.19,1,1
OK,57,408,no,yes,25,176.8,94,30.06,195,75,16.58,213.5,116,9.61,8.3,4,2.24,0,0
GA,72,415,no,yes,37,220,80,37.4,217.3,102,18.47,152.8,71,6.88,14.7,6,3.97,3,0
AK,36,408,no,yes,30,146.3,128,24.87,162.5,80,13.81,129.3,109,5.82,14.5,6,3.92,0,0
MA,78,415,no,no,0,130.8,64,22.24,223.7,116,19.01,227.8,108,10.25,10,5,2.7,1,0
AK,136,415,yes,yes,33,203.9,106,34.66,187.6,99,15.95,101.7,107,4.58,10.5,6,2.84,3,0
NJ,149,408,no,no,0,140.4,94,23.87,271.8,92,23.1,188.3,108,8.47,11.1,9,3,1,0
GA,98,408,no,no,0,126.3,102,21.47,166.8,85,14.18,187.8,135,8.45,9.4,2,2.54,3,0
MD,135,408,yes,yes,41,173.1,85,29.43,203.9,107,17.33,122.2,78,5.5,14.6,15,3.94,0,1
AR,34,510,no,no,0,124.8,82,21.22,282.2,98,23.99,311.5,78,14.02,10,4,2.7,2,0
ID,160,415,no,no,0,85.8,77,14.59,165.3,110,14.05,178.5,92,8.03,9.2,4,2.48,3,0
WI,64,510,no,no,0,154,67,26.18,225.8,118,19.19,265.3,86,11.94,3.5,3,0.95,1,0
OR,59,408,no,yes,28,120.9,97,20.55,213,92,18.11,163.1,116,7.34,8.5,5,2.3,2,0
MI,65,415,no,no,0,211.3,120,35.92,162.6,122,13.82,134.7,118,6.06,13.2,5,3.56,3,0
DE,142,408,no,no,0,187,133,31.79,134.6,74,11.44,242.2,127,10.9,7.4,5,2,2,0
ID,119,415,no,no,0,159.1,114,27.05,231.3,117,19.66,143.2,91,6.44,8.8,3,2.38,5,1
WY,97,415,no,yes,24,133.2,135,22.64,217.2,58,18.46,70.6,79,3.18,11,3,2.97,1,0
IA,52,408,no,no,0,191.9,108,32.62,269.8,96,22.93,236.8,87,10.66,7.8,5,2.11,3,0
IN,60,408,no,no,0,220.6,57,37.5,211.1,115,17.94,249,129,11.21,6.8,3,1.84,1,0
VA,10,408,no,no,0,186.1,112,31.64,190.2,66,16.17,282.8,57,12.73,11.4,6,3.08,2,0
UT,96,415,no,no,0,160.2,117,27.23,267.5,67,22.74,228.5,68,10.28,9.3,5,2.51,2,0
WY,87,415,no,no,0,151,83,25.67,219.7,116,18.67,203.9,127,9.18,9.7,3,2.62,5,1
IN,81,408,no,no,0,175.5,67,29.84,249.3,85,21.19,270.2,98,12.16,10.2,3,2.75,1,0
CO,141,415,no,no,0,126.9,98,21.57,180,62,15.3,140.8,128,6.34,8,2,2.16,1,0
CO,121,408,no,yes,30,198.4,129,33.73,75.3,77,6.4,181.2,77,8.15,5.8,3,1.57,3,1
WI,68,415,no,no,0,148.8,70,25.3,246.5,164,20.95,129.8,103,5.84,12.1,3,3.27,3,0
OK,125,408,no,no,0,229.3,103,38.98,177.4,126,15.08,189.3,95,8.52,12,8,3.24,1,0
ID,174,408,no,no,0,192.1,97,32.66,169.9,94,14.44,166.6,54,7.5,11.4,4,3.08,1,0
CA,116,415,no,yes,34,268.6,83,45.66,178.2,142,15.15,166.3,106,7.48,11.6,3,3.13,2,0
MN,74,510,no,yes,33,193.7,91,32.93,246.1,96,20.92,138,92,6.21,14.6,3,3.94,2,0
SD,149,408,no,yes,28,180.7,92,30.72,187.8,64,15.96,265.5,53,11.95,12.6,3,3.4,3,0
NC,38,408,no,no,0,131.2,98,22.3,162.9,97,13.85,159,106,7.15,8.2,6,2.21,2,0
WA,40,415,no,yes,41,148.1,74,25.18,169.5,88,14.41,214.1,102,9.63,6.2,5,1.67,2,0
WY,43,415,yes,no,0,251.5,105,42.76,212.8,104,18.09,157.8,67,7.1,9.3,4,2.51,0,0
MN,113,408,yes,no,0,125.2,93,21.28,206.4,119,17.54,129.3,139,5.82,8.3,8,2.24,0,0
UT,126,408,no,no,0,211.6,70,35.97,216.9,80,18.44,153.5,60,6.91,7.8,1,2.11,1,0
TX,150,510,no,no,0,178.9,101,30.41,169.1,110,14.37,148.6,100,6.69,13.8,3,3.73,4,1
NJ,138,408,no,no,0,241.8,93,41.11,170.5,83,14.49,295.3,104,13.29,11.8,7,3.19,3,0
MN,162,510,no,yes,46,224.9,97,38.23,188.2,84,16,254.6,61,11.46,12.1,2,3.27,0,0
NM,147,510,no,no,0,248.6,83,42.26,148.9,85,12.66,172.5,109,7.76,8,4,2.16,3,0
NV,90,415,no,no,0,203.4,146,34.58,226.7,117,19.27,152.4,105,6.86,7.3,4,1.97,1,0
HI,85,415,no,no,0,235.8,109,40.09,157.2,94,13.36,188.2,99,8.47,12,3,3.24,0,0
MN,50,415,no,no,0,157.1,90,26.71,223.3,72,18.98,181.4,111,8.16,6.1,2,1.65,1,0
DC,82,415,no,no,0,300.3,109,51.05,181,100,15.39,270.1,73,12.15,11.7,4,3.16,0,1
NY,144,408,no,no,0,61.6,117,10.47,77.1,85,6.55,173,99,7.79,8.2,7,2.21,4,1
MN,46,415,no,no,0,214.1,72,36.4,164.4,104,13.97,177.5,113,7.99,8.2,3,2.21,2,0
MD,70,408,no,no,0,170.2,98,28.93,155.2,102,13.19,228.6,76,10.29,15,2,4.05,1,0
WV,144,415,no,no,0,201.1,99,34.19,303.5,74,25.8,224,119,10.08,13.2,2,3.56,1,0
OR,116,415,yes,no,0,215.4,104,36.62,204.8,79,17.41,278.5,109,12.53,12.6,5,3.4,3,0
CO,55,408,no,yes,25,165.6,123,28.15,136.1,95,11.57,175.7,90,7.91,11,2,2.97,3,0
GA,70,415,no,yes,24,249.5,101,42.42,259.7,98,22.07,222.7,68,10.02,9.8,4,2.65,1,0
TX,106,510,no,no,0,210.6,96,35.8,249.2,85,21.18,191.4,88,8.61,12.4,1,3.35,2,1
VT,128,510,no,yes,29,179.3,104,30.48,225.9,86,19.2,323,78,14.54,8.6,7,2.32,0,0
IN,94,408,no,no,0,157.9,105,26.84,155,101,13.18,189.6,84,8.53,8,5,2.16,4,1
WV,111,510,no,no,0,214.3,118,36.43,208.5,76,17.72,182.4,98,8.21,12,2,3.24,1,0
KY,74,415,no,yes,35,154.1,104,26.2,123.4,84,10.49,202.1,57,9.09,10.9,9,2.94,2,0
NJ,128,415,no,no,0,237.9,125,40.44,247.6,93,21.05,208.9,68,9.4,13.9,4,3.75,1,1
DC,82,510,no,no,0,143.9,61,24.46,194.9,105,16.57,109.6,94,4.93,11.1,2,3,1,0
LA,155,415,no,no,0,203.4,100,34.58,190.9,104,16.23,196,119,8.82,8.9,4,2.4,0,1
AR,80,415,no,no,0,124.3,100,21.13,173,107,14.71,253.2,62,11.39,7.9,9,2.13,1,0
ME,78,415,no,no,0,252.9,93,42.99,178.4,112,15.16,263.9,105,11.88,9.5,7,2.57,3,0
AZ,90,415,no,no,0,179.1,71,30.45,190.6,81,16.2,127.7,91,5.75,10.6,7,2.86,3,0
AK,104,408,no,no,0,278.4,106,47.33,81,113,6.89,163.2,137,7.34,9.8,5,2.65,1,0
MT,73,415,no,no,0,160.1,110,27.22,213.3,72,18.13,174.1,72,7.83,13,4,3.51,0,0
AZ,99,415,no,no,0,198.2,87,33.69,207.3,76,17.62,190.9,113,8.59,8.7,3,2.35,4,0
MS,120,408,no,no,0,212.1,131,36.06,209.4,104,17.8,167.2,96,7.52,5.3,5,1.43,1,1
ID,77,415,no,no,0,251.8,72,42.81,205.7,126,17.48,275.2,109,12.38,9.8,7,2.65,2,1
IA,98,510,no,yes,21,161.2,114,27.4,252.2,83,21.44,160.2,92,7.21,4.4,8,1.19,4,0
MA,108,415,no,no,0,178.3,137,30.31,189,76,16.07,129.1,102,5.81,14.6,5,3.94,0,0
VT,135,415,no,no,0,151.7,82,25.79,119,105,10.12,180,100,8.1,10.5,6,2.84,0,0
KY,95,408,no,no,0,135,99,22.95,183.6,106,15.61,245.3,102,11.04,12.5,9,3.38,1,0
IN,122,408,no,no,0,170.5,94,28.99,173.7,109,14.76,248.6,75,11.19,11.3,2,3.05,1,0
AZ,95,408,no,no,0,238.1,65,40.48,187.2,98,15.91,190,115,8.55,11.8,4,3.19,4,0
MI,36,510,no,yes,29,281.4,102,47.84,202.2,76,17.19,187.2,113,8.42,9,6,2.43,2,0
NM,93,510,no,yes,21,117.9,131,20.04,164.5,115,13.98,217,86,9.76,9.8,3,2.65,1,0
CO,141,415,no,yes,32,148.6,91,25.26,131.1,97,11.14,219.4,142,9.87,10.1,1,2.73,1,0
UT,157,408,no,no,0,229.8,90,39.07,147.9,121,12.57,241.4,108,10.86,9.6,7,2.59,3,0
MI,120,408,no,no,0,165,100,28.05,317.2,83,26.96,119.2,86,5.36,8.3,8,2.24,1,0
MA,103,415,no,no,0,185,117,31.45,223.3,94,18.98,222.8,91,10.03,12.6,2,3.4,2,0
AL,98,408,no,no,0,161,117,27.37,190.9,113,16.23,227.7,113,10.25,12.1,4,3.27,4,0
DE,125,408,no,no,0,126.7,108,21.54,206,90,17.51,247.8,114,11.15,13.3,7,3.59,1,0
AZ,63,415,no,no,0,58.9,125,10.01,169.6,59,14.42,211.4,88,9.51,9.4,3,2.54,1,0
ME,36,510,yes,yes,42,196.8,89,33.46,254.9,122,21.67,138.3,126,6.22,20,6,5.4,0,1
NJ,64,510,no,no,0,162.6,83,27.64,152.3,109,12.95,57.5,122,2.59,14.2,3,3.83,1,0
NV,74,415,no,no,0,282.5,114,48.03,219.9,48,18.69,170,115,7.65,9.4,4,2.54,1,1
MO,112,510,no,yes,36,113.7,117,19.33,157.5,82,13.39,177.6,118,7.99,10,3,2.7,2,0
ID,97,408,no,no,0,239.8,125,40.77,214.8,111,18.26,143.3,81,6.45,8.7,5,2.35,2,0
NE,46,408,no,no,0,210.2,92,35.73,227.3,77,19.32,200.1,116,9,13.1,7,3.54,1,0
TX,41,408,no,yes,22,213.8,102,36.35,141.8,86,12.05,142.2,123,6.4,7.2,3,1.94,0,0
MD,121,510,no,no,0,190.7,103,32.42,183.5,117,15.6,220.8,103,9.94,9.8,4,2.65,3,0
MS,193,415,no,no,0,170.9,124,29.05,132.3,95,11.25,112.9,89,5.08,11.6,3,3.13,1,0
NV,130,510,no,no,0,154.2,119,26.21,110.2,98,9.37,227.4,117,10.23,9.2,5,2.48,2,0
AZ,85,408,no,no,0,201.4,52,34.24,229.4,104,19.5,252.5,106,11.36,12,3,3.24,1,0
MS,162,415,no,no,0,70.7,108,12.02,157.5,87,13.39,154.8,82,6.97,9.1,3,2.46,4,1
MS,61,510,no,yes,27,187.5,124,31.88,146.6,103,12.46,225.7,129,10.16,6.4,6,1.73,4,1
TX,92,408,no,no,0,91.7,90,15.59,193.7,123,16.46,175,86,7.88,9.2,4,2.48,2,0
NE,131,408,no,yes,36,214.2,115,36.41,161.7,117,13.74,264.7,102,11.91,9.5,4,2.57,3,0
NE,90,415,no,no,0,145.5,92,24.74,217.7,114,18.5,146.9,123,6.61,10.9,2,2.94,3,0
CA,75,408,no,no,0,166.3,125,28.27,158.2,86,13.45,256.7,80,11.55,6.1,5,1.65,1,0
NJ,78,415,no,no,0,231,115,39.27,230.4,140,19.58,261.4,120,11.76,9.5,3,2.57,1,0
TX,82,408,no,no,0,200.3,96,34.05,201.2,102,17.1,206.1,60,9.27,7.1,1,1.92,4,0
AR,163,408,no,no,0,197,109,33.49,202.6,128,17.22,206.4,80,9.29,9.1,10,2.46,1,0
AL,91,510,yes,no,0,129.9,112,22.08,173.3,83,14.73,247.2,130,11.12,11.2,3,3.02,3,0
NY,75,415,no,yes,21,175.8,97,29.89,217.5,106,18.49,237.5,134,10.69,5.3,4,1.43,5,0
FL,91,510,no,no,0,203.1,106,34.53,210.1,113,17.86,195.6,129,8.8,12,3,3.24,3,0
AK,127,510,no,yes,36,183.2,117,31.14,126.8,76,10.78,263.3,71,11.85,11.2,8,3.02,1,0
NV,113,415,no,yes,23,205,101,34.85,152,60,12.92,158.6,59,7.14,10.2,5,2.75,2,0
DE,110,510,no,no,0,148.5,115,25.25,276.4,84,23.49,193.6,112,8.71,12.4,3,3.35,1,0
MD,120,415,no,yes,39,200.3,68,34.05,220.4,97,18.73,253.8,116,11.42,10.5,4,2.84,0,0
MI,157,415,no,yes,28,192.6,107,32.74,195.5,74,16.62,109.7,139,4.94,6.8,5,1.84,3,0
VT,103,510,no,no,0,246.5,47,41.91,195.5,84,16.62,200.5,96,9.02,11.7,4,3.16,1,0
VT,117,408,yes,no,0,167.1,86,28.41,177.5,87,15.09,249.4,132,11.22,14.1,7,3.81,2,1
MI,140,415,no,no,0,231.9,101,39.42,160.1,94,13.61,110.4,98,4.97,14.3,6,3.86,3,0
WA,127,408,no,no,0,146.7,91,24.94,203.5,78,17.3,203.4,110,9.15,13.7,3,3.7,1,0
UT,83,408,yes,no,0,271.5,87,46.16,216.3,126,18.39,121.1,105,5.45,11.7,4,3.16,1,0
LA,121,408,no,no,0,181.5,121,30.86,218.4,98,18.56,161.6,103,7.27,8.5,5,2.3,1,0
RI,145,408,no,yes,43,257.7,97,43.81,162.1,95,13.78,286.9,86,12.91,11.1,4,3,2,0
IA,113,408,no,no,0,193.8,99,32.95,221.4,125,18.82,172.3,67,7.75,10.6,6,2.86,1,0
NE,117,415,no,no,0,102.8,119,17.48,206.7,91,17.57,299,105,13.46,10.1,7,2.73,1,0
OH,65,408,no,no,0,187.9,116,31.94,157.6,117,13.4,227.3,86,10.23,7.5,6,2.03,1,0
RI,56,415,no,no,0,226,112,38.42,248.5,118,21.12,140.5,142,6.32,6.9,11,1.86,1,0
OK,96,415,no,no,0,260.4,115,44.27,146,46,12.41,269.5,87,12.13,11.5,4,3.11,5,0
LA,151,408,no,no,0,178.7,116,30.38,292.1,138,24.83,265.9,101,11.97,9.8,4,2.65,0,0
OH,83,415,no,no,0,337.4,120,57.36,227.4,116,19.33,153.9,114,6.93,15.8,7,4.27,0,1
VA,139,510,no,yes,23,157.6,129,26.79,247,96,21,259.2,112,11.66,13.7,2,3.7,0,0
MO,6,510,no,no,0,183.6,117,31.21,256.7,72,21.82,178.6,79,8.04,10.2,2,2.75,1,0
FL,115,510,no,yes,24,142.1,124,24.16,183.4,129,15.59,164.8,114,7.42,9.6,4,2.59,1,0
SC,87,415,no,no,0,136.3,97,23.17,172.2,108,14.64,137.5,101,6.19,7.1,5,1.92,0,0
VA,141,415,no,no,0,217.1,110,36.91,241.5,111,20.53,253.5,103,11.41,12,6,3.24,0,0
IA,141,510,no,yes,36,187.5,99,31.88,241.4,116,20.52,229.5,105,10.33,10.5,5,2.84,3,0
MI,62,415,no,no,0,98.9,103,16.81,135.4,122,11.51,236.6,82,10.65,12.2,1,3.29,1,0
OK,146,415,no,no,0,206.3,151,35.07,148.6,89,12.63,167.2,91,7.52,6.1,3,1.65,1,0
DE,92,415,no,yes,33,243.1,92,41.33,213.8,92,18.17,228.7,104,10.29,12.1,2,3.27,2,0
GA,185,510,no,yes,31,189.8,126,32.27,163.3,133,13.88,264.8,126,11.92,7.5,3,2.03,1,0
DC,148,415,no,no,0,202,102,34.34,243.2,128,20.67,261.3,90,11.76,10.9,3,2.94,1,0
AZ,94,408,no,yes,38,170.1,124,28.92,193.3,116,16.43,105.9,73,4.77,12.8,4,3.46,1,0
AL,32,510,no,no,0,230.9,87,39.25,187.4,90,15.93,154,53,6.93,6.3,2,1.7,0,0
CO,68,408,no,no,0,237.1,105,40.31,223.5,105,19,97.4,79,4.38,13.2,2,3.56,1,0
NH,64,408,no,yes,27,182.1,91,30.96,169.7,98,14.42,164.7,86,7.41,10.6,5,2.86,2,0
NM,25,415,no,no,0,119.3,87,20.28,211.5,101,17.98,268.9,86,12.1,10.5,4,2.84,3,0
OR,65,415,no,no,0,116.8,87,19.86,178.9,93,15.21,182.4,150,8.21,14.1,2,3.81,1,0
LA,179,408,no,no,0,219.2,92,37.26,149.4,125,12.7,244.7,104,11.01,6.1,5,1.65,0,0
NE,94,415,no,no,0,252.6,104,42.94,169,125,14.37,170.9,106,7.69,11.1,7,3,2,0
MN,62,415,no,no,0,147.1,91,25.01,190.4,107,16.18,195.2,115,8.78,12.2,3,3.29,0,0
MI,127,415,no,no,0,202.1,103,34.36,229.4,86,19.5,195.2,113,8.78,11.5,3,3.11,2,0
AR,116,408,no,no,0,173.5,93,29.5,194.1,76,16.5,208,112,9.36,16.2,10,4.37,3,0
KS,70,408,no,no,0,232.1,122,39.46,292.3,112,24.85,201.2,112,9.05,0,0,0,3,0
WV,94,510,yes,yes,23,197.1,125,33.51,214.5,136,18.23,282.2,103,12.7,9.5,5,2.57,4,0
AK,126,415,no,no,0,58.2,94,9.89,138.7,118,11.79,136.8,91,6.16,11.9,1,3.21,5,1
NY,67,408,no,yes,36,115.6,111,19.65,237.7,94,20.2,169.9,103,7.65,9.9,12,2.67,2,0
NH,19,408,no,no,0,186.1,98,31.64,254.3,57,21.62,214,127,9.63,14.6,7,3.94,2,0
VA,170,510,yes,no,0,259.9,68,44.18,245,122,20.83,134.4,121,6.05,8.4,3,2.27,3,0
NM,73,415,no,no,0,214.3,145,36.43,268.5,135,22.82,241.2,92,10.85,10.8,13,2.92,1,0
NY,106,408,no,no,0,158.7,74,26.98,64.3,139,5.47,198.5,103,8.93,10.2,4,2.75,1,0
AZ,93,415,no,no,0,271.6,71,46.17,229.4,108,19.5,77.3,121,3.48,10.9,3,2.94,2,0
WY,164,510,no,no,0,160.6,111,27.3,163.2,126,13.87,187.1,112,8.42,9,3,2.43,1,0
WA,51,408,no,no,0,232.4,109,39.51,187.4,95,15.93,231.2,107,10.4,9.1,3,2.46,1,0
CO,107,415,no,no,0,133.8,85,22.75,180.5,94,15.34,112.2,115,5.05,8.9,4,2.4,0,0
TX,130,415,no,no,0,176.9,109,30.07,90.7,104,7.71,238,69,10.71,9.5,2,2.57,1,0
KY,80,408,no,no,0,209.9,74,35.68,195.1,77,16.58,208.2,119,9.37,8.8,4,2.38,2,0
MT,94,415,no,no,0,137.5,118,23.38,203.2,88,17.27,150,131,6.75,13.4,2,3.62,0,0
OK,118,408,no,yes,23,289.5,52,49.22,166.6,111,14.16,119.1,88,5.36,9.5,4,2.57,1,0
MD,117,415,no,yes,23,198.1,86,33.68,177,86,15.05,180.5,92,8.12,6.8,6,1.84,1,0
TN,78,415,no,no,0,149.7,119,25.45,182.2,115,15.49,261.5,126,11.77,9.7,8,2.62,0,0
TX,208,510,no,no,0,326.5,67,55.51,176.3,113,14.99,181.7,102,8.18,10.7,6,2.89,2,1
ME,131,510,yes,yes,26,292.9,101,49.79,199.7,97,16.97,255.3,127,11.49,13.8,7,3.73,4,1
DC,63,408,no,no,0,83,64,14.11,177,106,15.05,245.7,89,11.06,13,3,3.51,0,0
MN,53,415,no,yes,24,145.7,146,24.77,220.5,136,18.74,249.9,96,11.25,13.1,5,3.54,3,0
DE,62,408,no,no,0,182.3,101,30.99,328.2,93,27.9,245,131,11.03,11.2,1,3.02,2,0
MD,97,415,no,no,0,218,86,37.06,184,94,15.64,240.5,110,10.82,6.4,8,1.73,3,0
MI,105,510,no,no,0,140.6,109,23.9,178.6,51,15.18,217,83,9.76,6.8,3,1.84,2,0
WA,157,415,no,no,0,152.7,105,25.96,257.5,80,21.89,198.1,93,8.91,9.4,4,2.54,1,0
MO,66,415,no,yes,36,106.7,76,18.14,209.8,77,17.83,190.4,117,8.57,12.1,2,3.27,1,0
IN,122,415,no,no,0,243.8,98,41.45,83.9,72,7.13,179.8,84,8.09,13.7,8,3.7,2,0
OR,38,415,no,no,0,194.4,94,33.05,186.7,95,15.87,223.3,90,10.05,10.8,5,2.92,3,0
MD,106,510,no,no,0,213.9,95,36.36,151.9,70,12.91,260.1,124,11.7,12.2,5,3.29,3,0
RI,99,510,no,no,0,217.2,112,36.92,246.7,89,20.97,226.1,89,10.17,15.8,7,4.27,3,0
LA,99,415,no,no,0,241.1,72,40.99,155.6,98,13.23,188.2,109,8.47,11.6,10,3.13,1,0
AZ,144,510,yes,no,0,203.5,100,34.6,247.6,103,21.05,194.3,94,8.74,11.9,11,3.21,0,0
PA,82,415,no,yes,24,155.2,131,26.38,244.5,106,20.78,122.4,68,5.51,10.7,3,2.89,1,0
AZ,86,408,no,yes,31,167.6,139,28.49,113,118,9.61,246.9,121,11.11,12.2,6,3.29,1,0
FL,70,510,yes,no,0,226.7,98,38.54,228.1,115,19.39,73.2,93,3.29,17.6,4,4.75,2,1
LA,93,415,no,no,0,179.3,93,30.48,178.6,98,15.18,225.2,131,10.13,11.5,6,3.11,3,0
FL,93,415,no,no,0,151.4,89,25.74,186.4,76,15.84,172.5,120,7.76,10.9,3,2.94,0,0
FL,120,415,no,no,0,180,80,30.6,224.2,82,19.06,265.4,91,11.94,4.7,7,1.27,3,0
MD,136,415,no,no,0,250.2,121,42.53,267.1,118,22.7,151,114,6.8,13,2,3.51,1,1
AL,106,415,no,no,0,223,121,37.91,110.1,98,9.36,188.7,107,8.49,7.1,12,1.92,0,0
WA,81,415,no,no,0,183.6,116,31.21,152.6,98,12.97,212.2,99,9.55,12.2,6,3.29,3,0
TN,127,408,no,yes,22,166,114,28.22,174.5,103,14.83,244.9,68,11.02,10.2,6,2.75,1,0
MS,65,415,no,no,0,136.1,112,23.14,272.9,96,23.2,220.2,104,9.91,4.4,2,1.19,1,0
ME,35,408,no,no,0,149.3,113,25.38,242.2,122,20.59,174.3,104,7.84,8.9,6,2.4,2,0
OK,88,408,no,no,0,65.4,97,11.12,168.2,76,14.3,236,113,10.62,13.8,1,3.73,2,0
IN,65,415,no,no,0,213.4,111,36.28,234.5,94,19.93,250.1,123,11.25,2.7,4,0.73,1,0
MO,123,415,no,no,0,206.9,85,35.17,244.7,78,20.8,221.5,136,9.97,7.7,2,2.08,3,0
IA,126,408,no,yes,27,186.2,78,31.65,189.6,83,16.12,76.5,139,3.44,9.6,3,2.59,2,0
VA,104,415,no,yes,23,280.2,136,47.63,220.5,92,18.74,136.9,102,6.16,13.3,3,3.59,4,0
KY,45,415,no,yes,22,196.6,84,33.42,313.2,92,26.62,163.3,108,7.35,11.9,3,3.21,0,0
MD,93,408,yes,no,0,312,109,53.04,129.4,100,11,217.6,74,9.79,10.5,2,2.84,0,1
OH,63,415,yes,yes,36,199,110,33.83,291.3,111,24.76,197.6,92,8.89,11,6,2.97,1,0
OK,100,415,no,no,0,203.1,96,34.53,217,126,18.45,180.9,122,8.14,13.5,2,3.65,3,0
NV,53,415,no,no,0,168.8,97,28.7,220.3,87,18.73,154.3,113,6.94,10.9,2,2.94,0,0
ID,92,415,yes,no,0,173.1,140,29.43,240.3,105,20.43,233.2,117,10.49,9,5,2.43,1,0
MN,139,510,no,no,0,134.4,106,22.85,211.3,98,17.96,193.6,125,8.71,10.2,2,2.75,5,1
SD,110,408,no,yes,40,202.6,103,34.44,118.8,128,10.1,234.9,98,10.57,9,9,2.43,2,0
IL,110,408,no,no,0,74.5,117,12.67,200.8,98,17.07,192.2,101,8.65,9.8,7,2.65,3,0
WY,215,510,no,no,0,83.6,148,14.21,120.9,91,10.28,226.6,110,10.2,10.7,9,2.89,0,0
AL,73,415,no,no,0,192.2,86,32.67,168.6,116,14.33,139.8,87,6.29,9.4,6,2.54,1,0
NJ,138,510,no,no,0,220.2,89,37.43,88.3,125,7.51,195.3,79,8.79,12.9,5,3.48,0,0
NV,137,415,yes,no,0,135.1,95,22.97,134.1,102,11.4,223.1,81,10.04,12.3,2,3.32,2,1
IN,36,415,no,no,0,253.4,77,43.08,182.4,151,15.5,275.8,103,12.41,8.4,2,2.27,1,0
WV,85,408,no,no,0,225,81,38.25,176.9,63,15.04,194.3,110,8.74,7.1,2,1.92,3,0
VA,108,408,no,no,0,198.5,99,33.75,267.8,60,22.76,354.9,75,15.97,9.4,3,2.54,0,1
SC,22,408,no,no,0,110.3,107,18.75,166.5,93,14.15,202.3,96,9.1,9.5,5,2.57,0,0
RI,107,415,no,yes,37,60,102,10.2,102.2,80,8.69,261.8,106,11.78,11.1,3,3,0,0
IN,51,510,no,no,0,214.8,94,36.52,149.7,58,12.72,283.4,66,12.75,10.2,5,2.75,0,0
AZ,94,408,no,no,0,181.8,85,30.91,202.4,98,17.2,245.9,97,11.07,9.2,2,2.48,4,0
NM,119,510,no,yes,23,154,114,26.18,278,137,23.63,228.4,112,10.28,11.8,4,3.19,2,0
OR,33,415,no,yes,29,157.4,99,26.76,117.9,80,10.02,279.2,79,12.56,13.9,11,3.75,4,1
NJ,106,415,no,no,0,207.9,91,35.34,172,109,14.62,191.8,143,8.63,14.4,7,3.89,4,0
MS,82,408,no,no,0,207,90,35.19,232.9,83,19.8,172.4,108,7.76,9.1,8,2.46,3,0
MI,86,510,no,yes,41,119,101,20.23,230,134,19.55,236.9,58,10.66,9.5,3,2.57,0,0
TX,97,415,yes,no,0,143.7,117,24.43,273,82,23.21,178.3,81,8.02,10.9,3,2.94,0,0
FL,106,408,no,yes,32,165.9,126,28.2,216.5,93,18.4,173.1,86,7.79,14.1,8,3.81,4,0
DC,108,510,no,no,0,138.6,122,23.56,172.3,117,14.65,231.6,92,10.42,9.8,3,2.65,1,0
TX,114,415,no,no,0,84.7,118,14.4,249.9,86,21.24,193.4,95,8.7,14.5,8,3.92,1,0
KS,92,408,yes,no,0,62.6,111,10.64,180.6,126,15.35,221.7,80,9.98,10.4,2,2.81,1,1
UT,59,510,no,no,0,155.2,79,26.38,235.3,123,20,169.4,80,7.62,8.7,4,2.35,1,0
MN,24,510,no,yes,25,164.9,110,28.03,209.3,105,17.79,231.2,55,10.4,6.7,9,1.81,1,0
IL,151,408,no,no,0,134.5,88,22.87,143.1,112,12.16,223.9,61,10.08,15.4,1,4.16,1,0
NM,117,415,no,no,0,143.3,103,24.36,211.3,108,17.96,185.2,96,8.33,11.5,3,3.11,1,0
SC,78,510,no,no,0,168.3,110,28.61,221.2,73,18.8,241,136,10.85,12.5,1,3.38,1,0
NC,155,408,no,no,0,262.4,55,44.61,194.6,113,16.54,146.5,85,6.59,8.3,6,2.24,2,0
WV,114,510,no,yes,30,206.2,79,35.05,260,91,22.1,291.6,83,13.12,11.4,6,3.08,1,0
RI,114,510,no,yes,28,225.8,94,38.39,193,117,16.41,232.4,100,10.46,8.4,9,2.27,4,0
NH,119,408,no,no,0,138.3,89,23.51,170.5,78,14.49,263.9,98,11.88,13.5,6,3.65,3,0
MO,64,510,no,yes,48,94.4,104,16.05,136.2,101,11.58,147.4,89,6.63,4.5,4,1.22,0,0
MA,118,408,yes,no,0,160,123,27.2,175.4,96,14.91,184.8,99,8.32,9.9,3,2.67,2,0
PA,101,415,no,no,0,206.6,105,35.12,224.9,117,19.12,249.9,100,11.25,14.6,3,3.94,0,0
OK,117,415,no,no,0,134.7,121,22.9,180,83,15.3,200.9,104,9.04,7.7,3,2.08,1,0
AL,49,415,no,yes,28,214.4,78,36.45,235.2,100,19.99,206.2,107,9.28,8,13,2.16,3,0
WY,139,415,no,no,0,192.8,104,32.78,234.4,96,19.92,203.2,101,9.14,13,3,3.51,3,0
PA,92,408,no,yes,28,151.1,90,25.69,194.8,79,16.56,239.2,114,10.76,10,3,2.7,1,0
WA,83,415,no,no,0,221.4,103,37.64,231.8,103,19.7,122.5,100,5.51,9.8,5,2.65,3,0
HI,148,510,yes,no,0,218.9,88,37.21,208,85,17.68,203.3,99,9.15,11.1,4,3,0,0
SD,144,408,no,yes,48,189.8,96,32.27,123.4,67,10.49,214.2,106,9.64,6.5,2,1.76,2,1
AL,131,415,no,yes,25,192.7,85,32.76,225.9,105,19.2,254.2,59,11.44,10.9,6,2.94,2,0
VT,146,510,yes,no,0,204.4,135,34.75,219.1,90,18.62,222.7,114,10.02,10.5,6,2.84,3,0
MT,143,415,no,no,0,172.3,97,29.29,174,108,14.79,188.2,119,8.47,13,4,3.51,2,0
MN,81,415,no,no,0,198.4,93,33.73,210.9,108,17.93,193.3,71,8.7,10.4,6,2.81,2,0
AK,48,415,no,yes,37,211.7,115,35.99,159.9,84,13.59,144.1,80,6.48,12.2,1,3.29,1,0
MI,86,415,no,yes,28,221.6,74,37.67,288.4,100,24.51,240.3,105,10.81,9,2,2.43,1,0
DE,71,415,no,no,0,197.9,108,33.64,181.5,109,15.43,281.4,56,12.66,6.7,5,1.81,3,0
SD,145,408,no,yes,24,147.5,90,25.08,175.7,108,14.93,252.1,102,11.34,15.6,3,4.21,2,0
MI,137,510,no,no,0,206.4,122,35.09,128,102,10.88,194.5,84,8.75,8.8,5,2.38,2,0
KS,137,408,no,no,0,205.9,88,35,209.3,86,17.79,289.9,84,13.05,14.5,4,3.92,2,0
AL,167,510,no,no,0,207.6,88,35.29,132.4,63,11.25,255.2,98,11.48,14.1,5,3.81,0,0
OK,89,510,no,no,0,303.9,95,51.66,260.9,114,22.18,312.1,89,14.04,5.3,3,1.43,1,1
CT,199,415,no,yes,34,230.6,121,39.2,219.4,99,18.65,299.3,94,13.47,8,2,2.16,0,0
NE,132,510,no,no,0,99.5,110,16.92,129.1,80,10.97,125.1,124,5.63,9.7,3,2.62,0,0
WI,94,510,no,no,0,177.1,112,30.11,194,112,16.49,146.7,108,6.6,5.9,4,1.59,1,0
CT,96,415,no,yes,37,172.7,93,29.36,120.1,116,10.21,216.1,86,9.72,10.3,5,2.78,5,1
WI,96,510,no,yes,18,172.7,86,29.36,133.4,113,11.34,259.5,70,11.68,9.8,3,2.65,1,0
IN,166,510,no,no,0,204.2,115,34.71,179.9,152,15.29,216.8,109,9.76,9.5,5,2.57,1,0
DC,74,415,no,no,0,85.7,83,14.57,247.7,67,21.05,142.4,85,6.41,10.1,5,2.73,2,0
AR,36,415,no,no,0,157.6,117,26.79,184.3,58,15.67,240.4,99,10.82,11.9,1,3.21,0,0
ME,113,415,no,no,0,215.5,129,36.64,218.7,117,18.59,207.1,91,9.32,6.6,9,1.78,4,0
MN,94,415,no,no,0,181.5,98,30.86,199.9,88,16.99,287.7,114,12.95,6.6,5,1.78,1,0
MD,67,415,no,no,0,171.7,80,29.19,110.4,81,9.38,195.4,111,8.79,11.9,4,3.21,2,0
FL,127,415,no,no,0,266.6,106,45.32,264.8,168,22.51,207.2,119,9.32,5.9,2,1.59,1,1
RI,121,408,no,no,0,170.4,108,28.97,350.5,68,29.79,297,87,13.37,11.2,3,3.02,0,1
IA,158,415,no,no,0,158,106,26.86,292.5,114,24.86,241.1,89,10.85,9.1,4,2.46,1,0
AZ,136,510,no,no,0,92,117,15.64,253.6,77,21.56,214.1,90,9.63,10.3,10,2.78,1,0
MO,196,415,no,no,0,234,109,39.78,249.5,114,21.21,173.1,70,7.79,9.1,5,2.46,2,0
VT,113,415,no,no,0,272.1,111,46.26,268.5,118,22.82,213.8,105,9.62,8.5,10,2.3,1,1
IN,122,408,no,no,0,296.4,99,50.39,214.8,89,18.26,133.9,107,6.03,11.4,3,3.08,4,1
RI,112,510,no,no,0,194.4,101,33.05,190.3,82,16.18,183.4,107,8.25,11.4,2,3.08,0,0
SD,209,415,no,no,0,227.2,128,38.62,258.4,92,21.96,183.5,74,8.26,8.9,4,2.4,3,0
MN,62,415,no,no,0,248.7,109,42.28,220,118,18.7,265.7,78,11.96,13.2,2,3.56,1,1
TX,110,415,no,yes,38,236.3,102,40.17,195.9,112,16.65,183.5,82,8.26,9.7,6,2.62,1,0
VA,16,510,no,no,0,205.6,69,34.95,169.5,93,14.41,220.1,64,9.9,10.9,3,2.94,0,0
MA,73,408,no,no,0,94.1,136,16,280.3,122,23.83,205,77,9.23,9.8,4,2.65,0,0
ID,128,408,no,no,0,125.2,99,21.28,205.4,107,17.46,254.4,111,11.45,18.9,2,5.1,0,0
MA,39,408,no,no,0,60.4,158,10.27,306.2,120,26.03,123.9,46,5.58,12.4,3,3.35,1,0
GA,103,415,no,yes,28,121,105,20.57,270.4,100,22.98,160.5,76,7.22,7.7,4,2.08,2,0
RI,119,415,no,yes,29,117.8,66,20.03,256.8,114,21.83,147.6,76,6.64,7.6,3,2.05,3,0
ID,173,510,no,yes,21,232.4,96,39.51,211.9,118,18.01,273,102,12.29,5,5,1.35,3,0
SD,128,510,yes,yes,32,223.5,81,38,188.8,74,16.05,154.9,101,6.97,9.4,2,2.54,2,1
MA,86,510,no,no,0,176.3,79,29.97,259.2,97,22.03,287.4,78,12.93,6.2,3,1.67,0,0
WY,114,415,no,yes,32,125.2,79,21.28,177.8,105,15.11,232.4,89,10.46,12.9,3,3.48,1,0
VA,104,408,no,no,0,138.7,107,23.58,256.9,113,21.84,234.9,74,10.57,10,3,2.7,0,0
OR,148,415,no,no,0,86.3,134,14.67,246.6,92,20.96,251.6,91,11.32,11.3,4,3.05,1,0
VA,129,408,no,no,0,207,91,35.19,154.9,121,13.17,245.1,112,11.03,13.4,5,3.62,3,0
ME,100,510,no,yes,30,58.8,104,10,219.5,107,18.66,152.3,118,6.85,7.1,3,1.92,0,0
AL,121,408,no,yes,35,68.7,95,11.68,209.2,69,17.78,197.4,42,8.88,11.4,4,3.08,1,0
GA,143,408,no,yes,33,239.2,109,40.66,235.5,112,20.02,156.3,95,7.03,9.5,4,2.57,1,0
IA,76,510,no,no,0,198.3,130,33.71,217.1,86,18.45,188.4,96,8.48,12.5,3,3.38,0,0
AZ,158,510,no,no,0,205.2,97,34.88,240.6,77,20.45,79.7,108,3.59,14.4,12,3.89,0,0
FL,116,510,no,no,0,192.1,98,32.66,312.9,135,26.6,130.2,94,5.86,7.9,2,2.13,3,0
MT,54,415,no,no,0,272.6,83,46.34,248.7,74,21.14,197.4,111,8.88,9.5,2,2.57,1,1
AL,86,415,no,no,0,128.3,121,21.81,197.1,93,16.75,138.4,152,6.23,12.2,5,3.29,7,1
DE,108,510,no,no,0,169.6,99,28.83,264.1,87,22.45,206.3,78,9.28,9.3,4,2.51,0,0
MT,66,510,no,no,0,201.3,95,34.22,152.8,66,12.99,233.2,101,10.49,7.5,4,2.03,1,0
KY,151,408,no,yes,17,214.7,97,36.5,138.5,90,11.77,169.1,44,7.61,8.6,4,2.32,1,0
SC,99,510,no,no,0,169.2,70,28.76,271.5,77,23.08,170.2,104,7.66,10.6,2,2.86,0,0
WA,55,415,no,no,0,194.1,121,33,176.6,110,15.01,302.8,136,13.63,7,7,1.89,2,0
OR,77,510,no,no,0,233.8,104,39.75,266.5,94,22.65,212.7,104,9.57,7.6,3,2.05,2,0
AK,78,408,no,no,0,225.1,67,38.27,199.2,127,16.93,175.5,102,7.9,14.6,2,3.94,0,0
GA,89,415,no,no,0,213,63,36.21,176.6,71,15.01,262.6,126,11.82,9.1,1,2.46,1,1
MN,101,415,no,no,0,183.9,115,31.26,255.9,101,21.75,275,145,12.38,10.8,11,2.92,1,0
IL,44,415,no,yes,34,221.8,105,37.71,161.7,85,13.74,227.7,62,10.25,14,7,3.78,0,0
IN,98,408,no,yes,21,64.6,98,10.98,176.1,86,14.97,244.8,84,11.02,0,0,0,2,0
SC,64,510,no,yes,37,154.6,92,26.28,83.4,103,7.09,165.9,99,7.47,13.3,3,3.59,1,0
VA,141,415,no,no,0,260.2,131,44.23,179.2,120,15.23,135,119,6.08,7.2,8,1.94,3,0
WI,81,415,no,yes,33,161.6,117,27.47,123,90,10.46,261.3,101,11.76,12.2,5,3.29,1,0
VT,162,510,no,no,0,220.6,117,37.5,155.2,121,13.19,186.7,89,8.4,10.5,11,2.84,1,0
AZ,83,415,no,yes,41,155.9,122,26.5,162.3,107,13.8,127.6,105,5.74,13.1,5,3.54,3,0
FL,100,510,no,no,0,107,63,18.19,105.7,67,8.98,243.1,74,10.94,12.8,3,3.46,4,1
AK,59,510,no,no,0,182.5,104,31.03,204.7,95,17.4,229.9,100,10.35,11.3,8,3.05,4,0
AR,179,415,yes,yes,38,220.1,78,37.42,234.3,71,19.92,237.3,85,10.68,10.1,4,2.73,4,0
AR,79,408,no,no,0,152.2,112,25.87,177.2,132,15.06,96.4,87,4.34,5.3,3,1.43,1,0
AK,117,415,no,no,0,181.5,95,30.86,205.1,88,17.43,204,82,9.18,14.7,9,3.97,2,0
MS,64,408,yes,no,0,236.2,77,40.15,218.6,85,18.58,194.1,97,8.73,13.2,2,3.56,2,1
ME,31,415,no,no,0,166.1,105,28.24,79.3,93,6.74,213.7,98,9.62,12.7,2,3.43,1,0
CA,124,408,yes,no,0,244.6,89,41.58,188.8,80,16.05,206,114,9.27,11.3,4,3.05,1,0
NM,122,408,no,yes,23,134.2,85,22.81,227.3,132,19.32,122.4,96,5.51,8.5,2,2.3,2,0
NE,37,408,yes,yes,39,149.7,122,25.45,211.1,75,17.94,114.3,90,5.14,9.2,4,2.48,1,0
SC,90,408,no,yes,29,150.1,109,25.52,264.7,103,22.5,178.4,97,8.03,5.8,4,1.57,1,0
CO,159,408,yes,no,0,257.1,53,43.71,312.2,127,26.54,183,82,8.24,8.8,6,2.38,1,1
DE,148,415,no,no,0,124.4,83,21.15,179.7,81,15.27,253,99,11.39,11.3,6,3.05,0,0
OH,39,415,no,yes,36,141.7,121,24.09,232.3,113,19.75,222.1,131,9.99,12,5,3.24,1,0
MS,77,408,no,no,0,230,87,39.1,103.2,138,8.77,309.6,136,13.93,11.3,3,3.05,2,0
OK,194,408,no,no,0,162.3,88,27.59,213.7,118,18.16,192.1,81,8.64,10.9,2,2.94,0,0
CO,154,415,no,no,0,350.8,75,59.64,216.5,94,18.4,253.9,100,11.43,10.1,9,2.73,1,1
NC,112,415,no,no,0,193.3,96,32.86,264.1,123,22.45,128.6,115,5.79,9.1,3,2.46,4,0
MD,45,415,no,no,0,78.2,127,13.29,253.4,108,21.54,255,100,11.48,18,3,4.86,1,0
KS,132,415,no,no,0,83.4,110,14.18,232.2,137,19.74,146.7,114,6.6,7.6,5,2.05,1,0
MA,128,415,no,no,0,195.6,99,33.25,267.8,120,22.76,164.9,76,7.42,16,2,4.32,0,0
NC,135,415,no,no,0,201.8,81,34.31,225,114,19.13,204.4,82,9.2,10.3,6,2.78,1,0
NM,56,408,no,no,0,197,110,33.49,222.8,102,18.94,225.3,91,10.14,10.6,6,2.86,2,0
CA,151,415,yes,no,0,218,57,37.06,114.4,88,9.72,269.2,95,12.11,12.4,1,3.35,0,1
NY,32,415,no,no,0,164.8,98,28.02,229.9,96,19.54,167.3,108,7.53,14.8,2,4,2,0
AZ,90,415,no,no,0,179.2,77,30.46,210.7,99,17.91,276.9,58,12.46,9.2,6,2.48,2,0
SD,87,415,no,yes,21,214,113,36.38,180,114,15.3,134.5,82,6.05,10.6,5,2.86,0,0
DC,138,415,no,no,0,170.5,87,28.99,118.2,116,10.05,187.9,111,8.46,11.2,7,3.02,2,0
ND,79,408,no,no,0,205.7,123,34.97,214.5,108,18.23,226.1,106,10.17,6.7,18,1.81,1,0
MO,95,415,yes,no,0,165.5,84,28.14,286.2,112,24.33,198.9,89,8.95,11.5,2,3.11,1,1
KS,127,415,no,no,0,221,100,37.57,160.7,113,13.66,233.1,96,10.49,6.8,4,1.84,2,0
SD,137,510,no,no,0,242.1,118,41.16,191,93,16.24,218.6,50,9.84,14.7,2,3.97,3,0
OK,97,415,no,no,0,151.6,107,25.77,155.4,96,13.21,240,112,10.8,14.7,4,3.97,1,0
OR,149,415,yes,no,0,176.2,87,29.95,145,81,12.33,249.5,92,11.23,5.7,4,1.54,0,0
IN,117,415,yes,yes,22,196,82,33.32,322.7,82,27.43,225.6,120,10.15,3.7,5,1,1,0
OH,84,408,no,no,0,159.5,125,27.12,247.1,90,21,187.9,82,8.46,7.2,4,1.94,2,0
KS,137,415,no,no,0,230.2,113,39.13,220.4,79,18.73,204.7,111,9.21,10.7,7,2.89,4,0
CT,99,415,no,no,0,146.7,64,24.94,274,99,23.29,321.3,98,14.46,8.9,1,2.4,3,0
NH,54,510,no,no,0,210.5,102,35.79,204.5,83,17.38,127.8,53,5.75,8.5,5,2.3,1,0
WI,85,415,no,no,0,102,95,17.34,270.2,139,22.97,148.2,105,6.67,10.7,3,2.89,1,0
MS,150,510,no,no,0,126,99,21.42,238.5,73,20.27,285.1,100,12.83,10.2,6,2.75,3,0
WV,43,415,no,no,0,168.4,125,28.63,243.8,89,20.72,214.7,102,9.66,11.1,2,3,1,0
MA,35,415,no,no,0,105.6,129,17.95,258.2,129,21.95,213.1,77,9.59,8.7,3,2.35,0,0
MD,98,415,no,no,0,206.5,92,35.11,176.2,152,14.98,232.8,115,10.48,12.4,5,3.35,5,0
PA,112,510,no,no,0,217.1,76,36.91,205.2,100,17.44,185.7,91,8.36,9.4,3,2.54,2,0
WI,16,510,no,no,0,229.6,78,39.03,205.7,108,17.48,166.2,91,7.48,10.8,2,2.92,0,1
TN,98,415,no,yes,22,278.3,89,47.31,93.4,143,7.94,107.6,42,4.84,9.7,5,2.62,0,0
TX,84,408,no,no,0,138.6,102,23.56,199,93,16.92,204.1,137,9.18,7.8,4,2.11,0,0
OR,94,415,no,no,0,234.4,103,39.85,279.3,109,23.74,234.2,121,10.54,2,2,0.54,1,1
IL,84,510,no,no,0,181.5,129,30.86,130.7,112,11.11,186.5,118,8.39,8.5,4,2.3,1,0
DC,66,415,no,no,0,167.3,91,28.44,230,68,19.55,191.7,118,8.63,10.6,5,2.86,1,1
GA,98,415,no,yes,31,121,105,20.57,218.9,98,18.61,226.7,110,10.2,12,1,3.24,1,0
ID,74,415,no,no,0,221.1,124,37.59,110.8,94,9.42,240.1,112,10.8,10.6,3,2.86,0,0
UT,96,408,no,yes,26,145.8,108,24.79,192.2,89,16.34,165.1,96,7.43,9.9,2,2.67,1,0
KY,119,510,no,no,0,222.8,122,37.88,163.2,107,13.87,160.6,112,7.23,11.2,6,3.02,1,0
OH,73,415,no,no,0,183.4,80,31.18,242,115,20.57,201.4,100,9.06,7.5,3,2.03,4,0
WI,92,415,yes,no,0,264.3,91,44.93,160.9,115,13.68,198.6,73,8.94,9.3,5,2.51,0,0
IL,21,415,no,no,0,146,78,24.82,109.7,79,9.32,247.4,108,11.13,6.8,7,1.84,0,0
DE,122,510,no,no,0,157.1,134,26.71,184.9,122,15.72,197.2,59,8.87,8.5,5,2.3,4,1
RI,133,510,yes,no,0,127.3,108,21.64,251.3,81,21.36,135,88,6.08,10.3,3,2.78,1,0
TX,145,415,no,no,0,187.9,110,31.94,197,117,16.75,167,108,7.52,4.8,4,1.3,2,0
OR,25,408,no,no,0,178.8,90,30.4,141.2,72,12,203,99,9.14,8.4,5,2.27,2,0
NV,64,415,no,no,0,97.2,80,16.52,186.2,90,15.83,189,92,8.5,10.4,6,2.81,2,0
NE,85,415,no,no,0,259.8,85,44.17,242.3,117,20.6,168.8,72,7.6,5.4,1,1.46,0,0
MS,126,415,no,no,0,256.5,112,43.61,199.5,90,16.96,188.3,122,8.47,7,5,1.89,3,0
OR,76,415,no,no,0,169.5,77,28.82,124,87,10.54,219.4,92,9.87,10,3,2.7,0,0
DE,113,415,no,no,0,239.7,47,40.75,282.9,110,24.05,238.4,88,10.73,8.7,3,2.35,2,1
DE,224,510,yes,no,0,171.5,99,29.16,160,103,13.6,212.4,102,9.56,5,2,1.35,1,1
AZ,117,408,no,no,0,239.9,84,40.78,174.8,106,14.86,209.5,93,9.43,9.8,2,2.65,0,0
SD,128,408,no,yes,34,142.3,73,24.19,194.8,79,16.56,239.3,81,10.77,16,6,4.32,1,0
NV,115,415,no,no,0,184.1,98,31.3,327,73,27.8,212.5,106,9.56,7.5,6,2.03,2,0
NM,141,415,no,yes,28,206.9,126,35.17,264.4,126,22.47,171.8,124,7.73,9.3,11,2.51,2,0
MN,51,510,no,no,0,259.9,114,44.18,176.2,94,14.98,77.2,112,3.47,15.3,1,4.13,1,0
NJ,100,415,no,no,0,203.8,122,34.65,283.1,76,24.06,197.3,83,8.88,12.5,3,3.38,0,0
IN,96,415,no,yes,45,248.8,124,42.3,140.3,77,11.93,263.6,102,11.86,10.3,2,2.78,3,0
DC,112,415,no,yes,16,221.6,110,37.67,130.2,123,11.07,200,108,9,11.3,3,3.05,1,0
MA,129,510,yes,no,0,192.9,131,32.79,185.5,101,15.77,205.2,130,9.23,10.9,4,2.94,1,0
ME,163,415,no,no,0,122.4,129,20.81,113.4,108,9.64,180.2,97,8.11,12.5,7,3.38,1,0
NH,67,415,no,yes,40,104.9,65,17.83,216.3,93,18.39,217.4,128,9.78,9.6,9,2.59,1,0
AZ,140,408,no,no,0,173.2,91,29.44,196.8,106,16.73,209.3,128,9.42,11.2,5,3.02,3,0
OR,49,510,no,no,0,119.4,69,20.3,273.3,92,23.23,214.4,153,9.65,12.4,7,3.35,2,0
KS,46,510,no,no,0,250.3,100,42.55,260.6,90,22.15,195,104,8.78,13.3,2,3.59,2,1
NE,148,415,no,no,0,178.3,98,30.31,282.6,110,24.02,181,98,8.15,11.4,4,3.08,1,0
MI,112,510,no,no,0,243.4,77,41.38,182.1,97,15.48,259.2,94,11.66,12.8,2,3.46,1,0
SC,78,415,no,no,0,155,106,26.35,175.3,101,14.9,155.6,125,7,11.8,5,3.19,2,0
PA,61,408,no,yes,31,288.7,101,49.08,203.8,102,17.32,203.2,49,9.14,8.6,3,2.32,0,0
MT,58,510,no,yes,29,240.4,80,40.87,118.9,91,10.11,164.2,108,7.39,11.2,3,3.02,1,0
NM,155,415,no,no,0,190.3,123,32.35,301.3,96,25.61,214.6,134,9.66,8,3,2.16,1,0
OH,100,510,no,no,0,278,76,47.26,176.7,74,15.02,219.5,126,9.88,8.3,4,2.24,0,1
WY,113,510,no,no,0,155,93,26.35,330.6,106,28.1,189.4,123,8.52,13.5,3,3.65,1,0
MI,81,415,no,no,0,153.5,99,26.1,197.6,102,16.8,198.5,86,8.93,6.3,2,1.7,2,0
AR,135,510,no,yes,27,273.4,141,46.48,154,99,13.09,245.8,112,11.06,12.3,6,3.32,1,0
FL,99,408,no,no,0,155.3,93,26.4,265.7,95,22.58,145.7,67,6.56,12.4,4,3.35,0,0
AR,59,510,no,yes,29,133.1,114,22.63,221.2,82,18.8,131.6,103,5.92,6.8,3,1.84,1,0
MO,135,510,no,no,0,246.8,129,41.96,187.8,121,15.96,154.5,109,6.95,12.6,5,3.4,1,0
WI,85,408,yes,no,0,165.4,107,28.12,196,126,16.66,349.2,110,15.71,9.6,7,2.59,2,0
TX,70,510,no,no,0,59.5,103,10.12,257.2,106,21.86,208.3,86,9.37,11.1,6,3,0,0
TX,88,510,no,no,0,138.3,116,23.51,236,138,20.06,179.1,110,8.06,9.6,4,2.59,3,0
NM,55,510,no,no,0,286.7,100,48.74,134.4,121,11.42,192.9,122,8.68,6.9,5,1.86,2,0
GA,75,415,no,no,0,117.3,114,19.94,201.1,61,17.09,107.9,82,4.86,12.2,3,3.29,1,0
ID,79,510,no,yes,21,264.3,79,44.93,202.8,118,17.24,173.4,92,7.8,6.3,3,1.7,4,0
AL,85,408,no,no,0,127.9,107,21.74,271.2,124,23.05,202.2,76,9.1,12.5,5,3.38,0,0
KS,86,408,no,yes,23,225.5,107,38.34,246.3,105,20.94,245.7,81,11.06,9.8,2,2.65,0,0
SD,91,510,no,no,0,149,115,25.33,245.3,105,20.85,260,94,11.7,8.3,3,2.24,0,0
LA,149,415,no,yes,20,198.9,77,33.81,274,88,23.29,190.7,76,8.58,14.3,9,3.86,1,0
OH,97,408,no,no,0,256.4,125,43.59,273.9,100,23.28,222.7,101,10.02,11.1,1,3,1,1
MA,88,415,no,no,0,264.8,124,45.02,245.4,112,20.86,160.5,115,7.22,14.8,2,4,1,1
AZ,60,415,no,no,0,98.2,88,16.69,180.5,69,15.34,223.6,69,10.06,9.3,2,2.51,2,0
KY,54,408,no,no,0,159.8,99,27.17,264,64,22.44,115.7,70,5.21,9.7,7,2.62,2,0
DC,11,415,no,yes,28,190.6,86,32.4,220.1,122,18.71,180.3,80,8.11,6,3,1.62,3,0
WA,109,415,no,no,0,184,120,31.28,120.4,119,10.23,153.7,86,6.92,11,3,2.97,0,0
UT,90,415,no,no,0,261.8,128,44.51,220.6,104,18.75,136.6,91,6.15,9.6,5,2.59,1,0
RI,115,408,no,no,0,147.9,109,25.14,228.4,117,19.41,299.7,90,13.49,9.6,9,2.59,3,0
OH,144,415,no,yes,18,106.4,109,18.09,108.1,113,9.19,208.4,111,9.38,10.1,5,2.73,1,0
NV,91,408,no,no,0,133.7,75,22.73,195.3,87,16.6,280.5,89,12.62,5.9,2,1.59,0,0
ND,105,415,no,yes,23,193.5,85,32.9,220.2,90,18.72,272.4,111,12.26,8.5,5,2.3,0,0
NV,71,415,yes,no,0,178.2,113,30.29,167.8,94,14.26,182.1,111,8.19,13.6,3,3.67,3,1
FL,132,510,no,yes,36,226.2,103,38.45,181.6,125,15.44,258.8,102,11.65,10.5,5,2.84,3,1
MD,112,415,no,no,0,170.4,103,28.97,200.2,71,17.02,258.3,100,11.62,11.6,4,3.13,1,0
AZ,86,415,no,yes,32,70.9,163,12.05,166.7,121,14.17,244.9,105,11.02,11.1,5,3,3,0
AL,41,510,no,yes,34,194.4,63,33.05,254.9,110,21.67,160.2,115,7.21,17.2,9,4.64,2,0
NE,44,415,no,no,0,240.3,146,40.85,164.6,83,13.99,240.7,106,10.83,10.6,2,2.86,1,0
NV,78,408,no,no,0,75,116,12.75,248.7,87,21.14,176,83,7.92,9.5,6,2.57,3,0
IL,149,408,no,no,0,69.1,117,11.75,136.3,100,11.59,181.7,53,8.18,6.3,3,1.7,1,0
WV,72,510,no,yes,33,96.6,59,16.42,315.4,98,26.81,163.3,117,7.35,6.2,4,1.67,4,1
MI,139,415,no,yes,20,214.6,101,36.48,235.1,132,19.98,162.8,132,7.33,14.8,12,4,0,0
AR,74,510,no,no,0,148.5,111,25.25,146.5,42,12.45,289.2,83,13.01,9.9,6,2.67,3,0
UT,50,510,no,no,0,258.1,106,43.88,161.4,106,13.72,225.1,110,10.13,11.7,5,3.16,1,0
GA,141,510,no,yes,23,149.7,112,25.45,162.5,118,13.81,220.3,115,9.91,7.6,2,2.05,3,0
AZ,140,408,no,no,0,149.8,134,25.47,164.4,98,13.97,294.7,124,13.26,8.1,2,2.19,1,0
ID,99,408,no,no,0,190.4,102,32.37,158.1,107,13.44,271.5,92,12.22,11.2,4,3.02,2,0
HI,166,408,no,no,0,181.4,108,30.84,253.8,54,21.57,112.3,94,5.05,11.6,6,3.13,1,0
NV,124,408,no,no,0,151.1,123,25.69,187.4,104,15.93,255.4,93,11.49,5.3,3,1.43,1,0
MD,74,415,no,no,0,155.7,116,26.47,173.7,63,14.76,257.4,97,11.58,8.1,4,2.19,0,0
GA,117,510,no,no,0,149.9,95,25.48,256.1,110,21.77,212.7,92,9.57,13.3,13,3.59,2,0
GA,85,510,no,no,0,222.3,132,37.79,231.5,101,19.68,223.5,75,10.06,11,2,2.97,3,0
UT,36,415,no,yes,16,149.4,111,25.4,131.8,113,11.2,132.7,87,5.97,6.7,2,1.81,0,0
MA,102,510,yes,no,0,233.8,103,39.75,221.6,131,18.84,146.9,106,6.61,12.8,3,3.46,0,0
IN,76,415,no,no,0,204.2,100,34.71,292.6,139,24.87,244.3,105,10.99,10.5,2,2.84,0,0
VT,165,510,no,no,0,242.9,126,41.29,209.8,65,17.83,228.4,126,10.28,0,0,0,1,0
IA,130,415,no,no,0,150.4,119,25.57,230.5,99,19.59,186.3,76,8.38,12.3,4,3.32,1,0
IN,78,415,no,no,0,208.9,119,35.51,252.4,132,21.45,280.2,120,12.61,12.8,7,3.46,0,0
AL,55,415,yes,no,0,191.9,91,32.62,256.1,110,21.77,203.7,101,9.17,14.3,6,3.86,1,1
ME,92,415,yes,no,0,130.7,113,22.22,260.6,122,22.15,244.2,98,10.99,9.4,2,2.54,2,1
RI,129,415,no,yes,33,119.6,104,20.33,278.7,88,23.69,263.4,175,11.85,5.9,2,1.59,2,0
MD,18,408,no,no,0,273.6,93,46.51,114.6,116,9.74,250.6,120,11.28,8.2,4,2.21,1,0
FL,161,415,yes,no,0,156.1,114,26.54,180.3,63,15.33,179.6,115,8.08,11.1,9,3,2,0
CA,93,415,no,yes,36,178.7,134,30.38,178.6,102,15.18,126.8,82,5.71,8,4,2.16,2,0
AL,144,415,no,no,0,177.5,93,30.18,287.4,75,24.43,180.5,118,8.12,11.9,3,3.21,2,0
ME,75,408,yes,no,0,211.3,61,35.92,105.6,119,8.98,175.9,63,7.92,9.7,4,2.62,4,1
WV,95,415,no,no,0,175.2,91,29.78,244.4,109,20.77,75.8,95,3.41,7.5,2,2.03,1,0
SD,126,415,no,yes,23,114.3,102,19.43,190.3,103,16.18,240.4,111,10.82,12.6,7,3.4,3,0
FL,124,415,no,yes,28,251.4,104,42.74,225.1,89,19.13,251.9,121,11.34,7.5,5,2.03,1,0
MI,93,415,yes,no,0,216.9,61,36.87,207.4,120,17.63,221.7,110,9.98,17.5,5,4.73,1,1
MI,109,415,yes,yes,26,217.2,138,36.92,145.5,111,12.37,280.7,76,12.63,9.3,3,2.51,0,0
NM,80,510,no,no,0,206.3,97,35.07,154.9,98,13.17,263.6,82,11.86,12.4,12,3.35,0,0
AK,41,415,no,no,0,159.3,66,27.08,125.9,75,10.7,261.9,76,11.79,11.1,5,3,1,0
OH,136,415,no,yes,31,143.1,88,24.33,236.6,65,20.11,227.8,120,10.25,11.4,5,3.08,2,0
MO,92,415,no,no,0,154,122,26.18,329.8,88,28.03,288,117,12.96,5.6,2,1.51,3,1
KS,143,408,no,yes,24,186.6,69,31.72,222,116,18.87,234.9,138,10.57,11.6,5,3.13,1,0
MS,118,415,no,yes,26,170.8,114,29.04,199.5,125,16.96,169.7,98,7.64,9.6,5,2.59,5,1
VT,193,408,no,yes,17,124,102,21.08,202.9,81,17.25,205.1,129,9.23,12.3,3,3.32,1,0
NE,73,415,no,no,0,198.3,94,33.71,279.3,101,23.74,146.2,87,6.58,14.8,8,4,3,0
VA,62,408,no,no,0,172.8,101,29.38,204.8,97,17.41,240.8,90,10.84,9.1,8,2.46,2,0
DE,30,415,no,yes,30,217.4,74,36.96,213.8,86,18.17,227.2,104,10.22,6.6,3,1.78,0,0
AL,60,408,yes,yes,29,265.9,113,45.2,215.8,94,18.34,108.1,82,4.86,14,12,3.78,0,1
ID,148,510,no,yes,14,93.6,137,15.91,193.8,72,16.47,144.9,84,6.52,17.5,5,4.73,1,0
MS,96,510,no,no,0,98.2,100,16.69,307.2,88,26.11,182.5,120,8.21,7.6,1,2.05,2,0
OK,52,408,no,no,0,214.7,68,36.5,158.6,138,13.48,123.4,114,5.55,9.4,4,2.54,2,0
NM,87,415,no,no,0,168.2,92,28.59,224.7,100,19.1,169.5,99,7.63,12.9,3,3.48,1,0
WI,41,408,no,no,0,202.9,97,34.49,153.8,104,13.07,113.5,92,5.11,9,3,2.43,3,0
WV,112,415,no,no,0,261.4,108,44.44,154.5,102,13.13,130.9,90,5.89,11.6,2,3.13,1,0
SC,88,510,no,no,0,73.3,86,12.46,161.4,82,13.72,239.6,76,10.78,8.2,3,2.21,4,1
KY,122,408,no,yes,27,253.7,84,43.13,229.2,109,19.48,190.5,123,8.57,9.2,5,2.48,7,0
MO,61,408,no,no,0,45,108,7.65,151.3,74,12.86,152.9,94,6.88,9.8,6,2.65,2,0
IL,87,510,no,no,0,231.3,105,39.32,171.7,108,14.59,67.7,136,3.05,13,6,3.51,1,0
OK,176,408,no,no,0,47.4,125,8.06,167.8,90,14.26,163.1,107,7.34,10.5,8,2.84,2,0
MI,30,510,no,no,0,227.4,88,38.66,182.5,100,15.51,191.7,134,8.63,12.5,3,3.38,0,0
NJ,95,415,no,yes,22,40.9,126,6.95,133.4,90,11.34,264.2,91,11.89,11.9,7,3.21,0,0
ID,46,415,no,no,0,124.8,133,21.22,157.3,143,13.37,199.3,72,8.97,8.6,4,2.32,2,0
DC,100,510,yes,no,0,68.5,110,11.65,337.1,115,28.65,205.2,99,9.23,12.1,9,3.27,0,0
NY,47,415,no,yes,37,163.5,77,27.8,203.1,102,17.26,232,87,10.44,7.8,4,2.11,2,0
AL,77,415,no,no,0,163,112,27.71,219.1,89,18.62,233.4,66,10.5,6.7,3,1.81,2,0
OR,98,415,no,yes,38,213.7,61,36.33,253,104,21.51,207.7,73,9.35,10.7,5,2.89,2,0
OK,125,415,no,yes,36,201.3,117,34.22,42.2,78,3.59,125.7,104,5.66,5.4,3,1.46,1,0
LA,67,510,no,no,0,310.4,97,52.77,66.5,123,5.65,246.5,99,11.09,9.2,10,2.48,4,0
NE,194,408,no,no,0,48.4,101,8.23,281.1,138,23.89,218.5,87,9.83,18.2,1,4.91,1,0
TX,128,415,no,yes,40,171.2,88,29.1,145.7,109,12.38,196.8,93,8.86,14,6,3.78,1,0
UT,190,415,no,yes,22,166.5,93,28.31,183,92,15.56,121,102,5.44,8.5,3,2.3,0,0
OR,165,415,no,no,0,216.6,126,36.82,190.8,104,16.22,224.7,123,10.11,12.4,8,3.35,0,0
NY,59,408,no,no,0,107.8,113,18.33,216.6,125,18.41,217.5,92,9.79,9.9,3,2.67,2,0
AL,47,408,no,yes,28,141.3,94,24.02,168,108,14.28,113.5,84,5.11,7.8,2,2.11,1,0
RI,150,415,no,yes,29,209.9,77,35.68,158,52,13.43,141.9,113,6.39,6.6,1,1.78,0,0
MN,152,415,yes,yes,20,237.5,120,40.38,253.4,94,21.54,265.2,80,11.93,14.2,3,3.83,9,1
NC,26,415,no,no,0,234.5,109,39.87,216.5,129,18.4,191.6,94,8.62,3.5,6,0.95,3,0
MD,79,510,no,yes,31,103.1,90,17.53,243,135,20.66,76.4,92,3.44,12.2,8,3.29,3,0
RI,95,510,no,yes,27,129.5,106,22.02,248.9,90,21.16,268,115,12.06,11.9,3,3.21,1,0
WI,69,510,yes,no,0,279.8,90,47.57,248.7,91,21.14,171,118,7.69,8.4,10,2.27,2,1
VT,95,510,yes,yes,41,136.8,91,23.26,200.8,61,17.07,133.7,67,6.02,10.3,9,2.78,5,1
CT,31,415,no,yes,31,100.1,54,17.02,246.3,97,20.94,255,131,11.48,5.9,3,1.59,0,0
OK,121,408,no,yes,31,237.1,63,40.31,205.6,117,17.48,196.7,85,8.85,10.1,5,2.73,4,0
AK,111,415,no,no,0,172.8,58,29.38,183.1,108,15.56,158.8,104,7.15,7.9,3,2.13,4,1
NY,157,415,no,no,0,224.5,111,38.17,200.7,99,17.06,116.6,118,5.25,11.5,2,3.11,2,0
GA,44,510,no,no,0,288.1,112,48.98,258,92,21.93,192.4,90,8.66,10.2,4,2.75,3,1
UT,61,510,yes,no,0,78.2,103,13.29,195.9,149,16.65,108,100,4.86,10.1,6,2.73,2,0
NM,65,415,no,no,0,148.7,80,25.28,259,94,22.02,149.5,107,6.73,12.7,6,3.43,2,0
NE,74,415,no,yes,25,194.6,84,33.08,119.9,103,10.19,175.5,75,7.9,13.1,2,3.54,2,0
NJ,123,408,no,no,0,159.5,77,27.12,303.8,92,25.82,226.9,120,10.21,12,4,3.24,0,0
TX,58,408,no,yes,20,194.5,110,33.07,213.7,89,18.16,236.6,92,10.65,9.5,2,2.57,1,0
MT,74,408,no,no,0,174.1,96,29.6,251.1,94,21.34,257.6,123,11.59,8.3,5,2.24,2,1
CO,125,415,no,no,0,131.8,97,22.41,136.7,100,11.62,308.2,119,13.87,7.7,6,2.08,2,0
VT,80,415,no,no,0,160.6,103,27.3,237,109,20.15,245.1,88,11.03,10.7,1,2.89,1,0
RI,53,408,no,yes,18,146.8,107,24.96,310,84,26.35,178.7,130,8.04,7.2,7,1.94,0,0
WY,99,408,no,yes,28,200.7,88,34.12,264.2,116,22.46,172.7,102,7.77,9.1,5,2.46,1,0
ID,99,415,no,no,0,145.6,106,24.75,98.3,106,8.36,230.8,83,10.39,10.9,5,2.94,1,0
CT,66,415,no,yes,29,229.4,104,39,257.4,84,21.88,231.5,119,10.42,8,1,2.16,2,0
ME,97,510,no,no,0,211,76,35.87,189,100,16.07,123,102,5.54,4.7,4,1.27,3,0
AZ,75,510,no,yes,37,121.5,97,20.66,271.4,110,23.07,248.7,97,11.19,11.3,5,3.05,2,0
MD,85,510,yes,no,0,216,73,36.72,188.2,117,16,147.1,98,6.62,3.6,7,0.97,2,0
IN,108,510,no,no,0,293,88,49.81,160.6,101,13.65,143.9,87,6.48,10,6,2.7,2,0
NC,133,408,yes,yes,32,221.1,137,37.59,264.9,99,22.52,168.9,108,7.6,15.4,4,4.16,2,1
DE,51,510,no,no,0,181.5,108,30.86,196.9,87,16.74,187.2,119,8.42,10.3,2,2.78,1,0
MN,186,415,no,yes,26,74.3,107,12.63,177.3,116,15.07,296.3,90,13.33,14.5,3,3.92,2,0
WI,44,415,yes,no,0,62.3,92,10.59,275,82,23.38,138.7,108,6.24,10.8,3,2.92,1,0
FL,64,408,no,yes,31,228.6,88,38.86,248.5,109,21.12,167.1,124,7.52,9,1,2.43,3,0
WV,44,510,no,no,0,228.1,121,38.78,276.5,79,23.5,279.8,77,12.59,9.9,5,2.67,2,1
SD,114,415,no,yes,36,309.9,90,52.68,200.3,89,17.03,183.5,105,8.26,14.2,2,3.83,1,0
FL,92,415,no,no,0,201.9,74,34.32,226.8,119,19.28,217.5,80,9.79,13.7,6,3.7,3,0
OR,110,408,no,no,0,149.8,112,25.47,180,93,15.3,140,119,6.3,11.7,4,3.16,2,0
CO,90,408,no,yes,30,183.8,76,31.25,229.7,95,19.52,144.1,124,6.48,7.7,3,2.08,1,0
CT,72,408,no,yes,21,186.7,108,31.74,335,86,28.48,187.2,119,8.42,16.5,4,4.46,1,0
IN,113,415,no,no,0,209.4,151,35.6,347.3,113,29.52,246,116,11.07,7.4,2,2,1,1
PA,171,415,no,yes,25,223.2,77,37.94,183.2,118,15.57,150.8,90,6.79,10.2,3,2.75,3,0
NM,104,415,no,no,0,164.2,109,27.91,155.4,90,13.21,168.9,117,7.6,10.7,8,2.89,1,0
ME,165,408,no,no,0,150.5,75,25.59,193.1,93,16.41,311.6,93,14.02,10.3,2,2.78,1,0
SD,104,510,no,no,0,234.2,128,39.81,293.1,92,24.91,183.9,79,8.28,9.8,6,2.65,0,1
AR,110,408,no,no,0,55.3,102,9.4,164.7,124,14,200.7,108,9.03,10.2,5,2.75,1,0
TX,90,408,yes,no,0,221.8,97,37.71,203.8,134,17.32,215.8,154,9.71,8.4,4,2.27,1,0
NH,114,415,no,no,0,169.6,85,28.83,58.9,86,5.01,179.3,124,8.07,7.4,8,2,1,0
OK,101,408,no,no,0,89.7,118,15.25,260.1,79,22.11,170.1,93,7.65,13.5,11,3.65,5,1
WI,117,408,no,yes,14,80.2,81,13.63,219,103,18.62,122.6,102,5.52,8.6,2,2.32,1,0
AL,109,408,no,no,0,218.9,105,37.21,299.9,87,25.49,158.6,110,7.14,11.3,4,3.05,2,0
PA,82,408,no,no,0,125.7,96,21.37,207.6,137,17.65,183.1,103,8.24,12.9,2,3.48,1,0
OK,92,510,no,no,0,176.3,85,29.97,93.4,125,7.94,207.2,107,9.32,9.6,1,2.59,2,0
ME,82,510,no,yes,29,207.2,111,35.22,254.1,137,21.6,169.3,92,7.62,9.5,5,2.57,2,0
WV,90,415,no,no,0,205.7,138,34.97,161.9,83,13.76,269.7,104,12.14,12.5,6,3.38,2,0
HI,87,408,no,yes,28,151.4,95,25.74,152.4,97,12.95,250.1,109,11.25,0,0,0,1,0
MN,124,510,no,no,0,157.5,70,26.78,130.7,79,11.11,193.4,98,8.7,9.6,4,2.59,3,0
NY,39,408,no,no,0,160.4,68,27.27,102.6,103,8.72,235.3,106,10.59,9.1,5,2.46,2,0
AZ,84,415,no,no,0,159,80,27.03,167.9,128,14.27,167.6,101,7.54,12.3,5,3.32,1,0
OH,75,510,no,yes,46,214.1,62,36.4,200.9,111,17.08,246.8,126,11.11,9.2,6,2.48,0,0
MI,102,510,no,no,0,102.6,89,17.44,246,77,20.91,170.5,140,7.67,9.1,4,2.46,2,0
MA,62,415,yes,no,0,159.7,86,27.15,197.5,76,16.79,121.6,105,5.47,13.9,6,3.75,0,1
WV,143,510,no,no,0,202.8,109,34.48,165.8,104,14.09,143.9,71,6.48,4.6,4,1.24,1,0
MI,53,415,no,no,0,57.5,95,9.78,265.5,131,22.57,244.3,128,10.99,11.6,6,3.13,3,0
NM,30,415,no,no,0,169.9,144,28.88,225.2,118,19.14,169.7,93,7.64,11.4,7,3.08,1,0
MO,112,415,no,no,0,335.5,77,57.04,212.5,109,18.06,265,132,11.93,12.7,8,3.43,2,1
RI,129,415,no,no,0,139.5,119,23.72,289.3,105,24.59,129.4,97,5.82,13.1,8,3.54,0,0
NC,63,415,no,yes,29,142.3,107,24.19,118.7,56,10.09,240.1,91,10.8,6.6,8,1.78,1,0
WY,28,415,no,no,0,187.8,94,31.93,248.6,86,21.13,208.8,124,9.4,10.6,5,2.86,0,0
WY,111,415,no,no,0,146.2,55,24.85,261.5,83,22.23,163.2,116,7.34,8.7,3,2.35,3,0
PA,91,510,no,no,0,231.8,120,39.41,150.6,106,12.8,269.2,129,12.11,11.6,7,3.13,3,0
KY,90,415,no,no,0,193.7,83,32.93,154.2,79,13.11,299,60,13.46,12.7,3,3.43,1,0
OR,151,510,no,no,0,156.4,108,26.59,233.4,118,19.84,195.7,141,8.81,7.7,6,2.08,4,0
NV,105,415,yes,yes,29,220.7,82,37.52,217.7,110,18.5,190.5,100,8.57,13.2,6,3.56,1,1
DC,41,408,no,yes,37,239.8,110,40.77,221.9,115,18.86,189.1,100,8.51,7.3,1,1.97,2,0
UT,48,510,no,yes,43,172,111,29.24,200.2,64,17.02,233.1,96,10.49,8,5,2.16,1,0
WA,166,408,yes,yes,35,128.2,138,21.79,274.5,113,23.33,298.9,130,13.45,8.8,7,2.38,2,0
FL,79,510,no,no,0,130.2,119,22.13,290.9,121,24.73,194.8,140,8.77,14,6,3.78,3,0
VA,153,510,no,no,0,195.4,107,33.22,154.6,96,13.14,142.8,97,6.43,11.6,6,3.13,1,0
KS,110,415,yes,no,0,293.3,79,49.86,188.5,90,16.02,266.9,91,12.01,14.5,4,3.92,0,1
KS,163,415,no,no,0,191.3,89,32.52,193.9,87,16.48,268.4,121,12.08,12.8,4,3.46,1,0
DC,126,510,no,no,0,122.4,88,20.81,143.8,111,12.22,157,106,7.07,11.5,3,3.11,1,0
ME,105,408,no,yes,33,209.6,68,35.63,146.9,140,12.49,121,131,5.44,10.6,3,2.86,2,0
LA,172,415,no,no,0,215.7,140,36.67,146.3,84,12.44,264.6,83,11.91,7.1,1,1.92,3,0
DC,126,415,no,no,0,161.4,110,27.44,220.6,125,18.75,249.2,78,11.21,5.1,2,1.38,0,0
TX,97,510,no,no,0,144.2,91,24.51,226.7,137,19.27,144.6,72,6.51,13.8,4,3.73,3,0
NJ,95,408,yes,yes,37,220.2,109,37.43,185.3,99,15.75,205.1,82,9.23,4.1,2,1.11,0,1
DE,87,510,no,no,0,256.2,105,43.55,160.7,102,13.66,249.4,80,11.22,7.4,2,2,4,0
VT,97,415,no,no,0,112.7,119,19.16,217.7,109,18.5,152.1,76,6.84,6.5,5,1.76,1,0
GA,76,415,no,no,0,299.5,125,50.92,226.7,92,19.27,210.7,134,9.48,13.7,4,3.7,0,1
TX,140,408,no,no,0,194.8,107,33.12,170.9,99,14.53,225.1,93,10.13,13.9,4,3.75,0,0
MT,169,415,no,no,0,100.8,112,17.14,230,69,19.55,193.6,95,8.71,9.5,2,2.57,0,0
ND,68,408,no,yes,22,82.5,97,14.03,289.9,94,24.64,180,114,8.1,4.8,4,1.3,3,0
NJ,122,415,no,yes,34,146.4,104,24.89,89.7,103,7.62,220,91,9.9,15.6,4,4.21,2,0
MO,36,408,no,no,0,177.9,129,30.24,224.6,87,19.09,306.3,102,13.78,10.8,6,2.92,2,0
CO,120,510,no,yes,27,153.5,84,26.1,194,73,16.49,256.5,94,11.54,10.2,7,2.75,5,0
KS,121,408,no,no,0,150.7,105,25.62,197.3,133,16.77,169,116,7.61,9.2,15,2.48,1,0
NC,64,408,no,yes,19,180.1,106,30.62,127.5,92,10.84,237.4,118,10.68,7.5,3,2.03,0,0
MT,13,415,no,yes,31,265.3,94,45.1,147.6,95,12.55,259.3,117,11.67,12.9,1,3.48,1,0
DE,106,415,no,no,0,128.6,83,21.86,134,114,11.39,210.6,113,9.48,11.4,2,3.08,0,0
ND,88,415,no,no,0,161.5,92,27.46,173.5,108,14.75,206.2,95,9.28,7.9,4,2.13,2,0
VA,74,408,no,no,0,165.3,120,28.1,198.5,106,16.87,208.5,102,9.38,9.8,3,2.65,1,0
IL,83,415,no,no,0,195,92,33.15,210.5,83,17.89,180.6,92,8.13,11,13,2.97,0,0
OK,49,415,no,no,0,213.8,79,36.35,265.1,93,22.53,239.8,128,10.79,15.6,7,4.21,0,0
CO,111,510,no,yes,24,205.5,114,34.94,219.3,99,18.64,215.9,95,9.72,14,4,3.78,1,0
MT,50,415,no,yes,22,252.9,112,42.99,177.9,99,15.12,158.4,146,7.13,8.5,4,2.3,3,0
WV,153,408,no,yes,28,235.6,74,40.05,227.9,37,19.37,170.3,103,7.66,15.4,9,4.16,0,0
ME,88,415,no,no,0,192,91,32.64,127.6,127,10.85,155.6,125,7,7.5,5,2.03,1,0
WI,131,415,no,yes,39,69.1,122,11.75,101.3,136,8.61,104.8,94,4.72,9.1,4,2.46,0,0
MO,79,408,no,no,0,261.7,97,44.49,210.6,48,17.9,256.7,83,11.55,6,3,1.62,3,1
NY,140,415,no,no,0,235.5,81,40.04,257.2,130,21.86,103.1,111,4.64,11.5,4,3.11,2,0
CT,105,408,no,no,0,213.4,100,36.28,204.9,52,17.42,179.7,93,8.09,9.5,6,2.57,1,0
AR,54,415,no,yes,39,206.9,143,35.17,127.8,72,10.86,199.2,120,8.96,9.2,1,2.48,3,0
WY,87,415,no,yes,22,263.8,65,44.85,103.4,115,8.79,208.1,109,9.36,8.5,3,2.3,3,0
CA,96,510,no,yes,31,183.4,126,31.18,195.5,106,16.62,180.1,93,8.1,10.5,5,2.84,1,0
CA,79,510,no,no,0,157.6,85,26.79,194.1,92,16.5,231.5,86,10.42,9.4,10,2.54,5,1
MN,55,415,no,no,0,175.6,147,29.85,161.8,118,13.75,289.5,55,13.03,9.3,4,2.51,0,0
AK,130,415,no,no,0,242.5,101,41.23,102.8,114,8.74,142.4,89,6.41,9.3,2,2.51,2,0
VA,34,415,no,no,0,151,102,25.67,131.4,101,11.17,186.6,86,8.4,9.9,7,2.67,0,0
CO,139,415,no,no,0,138.1,103,23.48,164.5,100,13.98,134.9,63,6.07,8.3,2,2.24,1,0
MT,109,408,no,no,0,264.7,69,45,305,120,25.93,197.4,86,8.88,9.5,9,2.57,1,1
SD,65,408,no,yes,31,282.3,70,47.99,152,89,12.92,225.5,93,10.15,12,4,3.24,1,0
NE,63,415,no,no,0,211.2,80,35.9,237.7,93,20.2,259.2,58,11.66,12.3,2,3.32,0,0
VT,152,415,no,no,0,197.1,126,33.51,130.1,76,11.06,78.1,100,3.51,7.4,4,2,3,0
ND,147,408,no,no,0,205.3,95,34.9,166.7,128,14.17,240.6,84,10.83,7.8,4,2.11,1,0
GA,112,415,no,yes,22,181.8,110,30.91,228.1,123,19.39,262.7,141,11.82,9.2,4,2.48,2,0
OR,120,415,no,no,0,252,120,42.84,150.2,106,12.77,151.8,96,6.83,9.6,1,2.59,2,0
MT,27,510,no,no,0,193.8,102,32.95,118.9,104,10.11,135.9,124,6.12,9.2,3,2.48,0,0
WY,171,415,no,no,0,231.2,135,39.3,188.7,74,16.04,206.9,124,9.31,12.3,1,3.32,1,0
GA,101,415,no,yes,33,200.1,108,34.02,188.9,122,16.06,205.1,90,9.23,15.5,4,4.19,0,0
WV,32,408,no,yes,26,266.7,109,45.34,232.3,107,19.75,212.8,98,9.58,16.3,4,4.4,1,0
CT,3,415,no,yes,36,118.1,117,20.08,221.5,125,18.83,103.9,89,4.68,11.9,6,3.21,2,0
IL,151,408,no,no,0,175.3,106,29.8,144.3,87,12.27,160.2,88,7.21,11.8,5,3.19,0,0
CO,60,408,no,no,0,125.1,99,21.27,248.8,62,21.15,211.3,79,9.51,11.2,3,3.02,3,0
DE,119,415,no,no,0,176.8,90,30.06,224.7,81,19.1,204.6,77,9.21,7.5,15,2.03,1,0
LA,43,415,no,no,0,241.9,101,41.12,129.4,121,11,264.8,104,11.92,5.9,3,1.59,1,0
MA,42,408,no,no,0,241.2,134,41,116.5,114,9.9,152.2,91,6.85,10.6,4,2.86,0,0
IN,84,408,no,no,0,217.1,99,36.91,236,68,20.06,118.3,120,5.32,9.4,4,2.54,1,0
NY,65,510,no,no,0,195.4,110,33.22,181.2,109,15.4,178.5,105,8.03,8.9,4,2.4,0,0
TX,75,415,yes,no,0,222.4,78,37.81,327,111,27.8,208,104,9.36,8.7,9,2.35,1,1
KS,116,510,no,no,0,189.5,90,32.22,189.8,118,16.13,205.8,83,9.26,13.1,2,3.54,1,0
WV,107,415,no,no,0,123.1,100,20.93,158.4,82,13.46,256.1,82,11.52,9.3,5,2.51,0,0
NE,189,415,no,yes,38,256.7,98,43.64,150.5,120,12.79,123,87,5.54,11.4,3,3.08,3,0
ND,123,408,no,no,0,159.1,94,27.05,241.6,119,20.54,202.4,120,9.11,6.5,1,1.76,1,0
AK,110,408,no,no,0,100.1,90,17.02,233.3,93,19.83,204.4,57,9.2,11.1,8,3,3,0
CO,63,415,no,yes,32,30.9,113,5.25,187,113,15.9,230.8,101,10.39,8.6,7,2.32,1,0
ME,176,415,no,no,0,223.2,76,37.94,214.4,131,18.22,154.4,80,6.95,10.1,2,2.73,3,0
SC,108,510,no,no,0,187.4,101,31.86,199.9,126,16.99,216.1,107,9.72,12.6,8,3.4,1,0
MN,13,510,no,yes,21,315.6,105,53.65,208.9,71,17.76,260.1,123,11.7,12.1,3,3.27,3,0
CO,71,415,no,no,0,277.5,104,47.18,131.8,121,11.2,126.9,101,5.71,8.2,2,2.21,1,0
KS,88,415,no,no,0,189.8,111,32.27,197.3,101,16.77,234.5,111,10.55,14.9,3,4.02,2,0
MS,137,510,no,no,0,147.2,119,25.02,192.8,91,16.39,172.7,105,7.77,10.2,4,2.75,1,0
NE,82,408,no,no,0,185.8,36,31.59,276.5,134,23.5,192.1,104,8.64,5.7,7,1.54,4,0
NJ,92,510,no,yes,29,155.4,110,26.42,188.5,104,16.02,254.9,118,11.47,8,4,2.16,3,0
WI,165,510,no,no,0,154.2,91,26.21,268.6,108,22.83,188.8,99,8.5,10.9,4,2.94,6,0
MT,96,415,no,no,0,97.6,98,16.59,105.5,118,8.97,220.2,105,9.91,11.6,9,3.13,1,0
AR,156,415,no,no,0,178.8,94,30.4,178.4,97,15.16,169.2,77,7.61,7.5,3,2.03,1,0
WA,63,408,no,no,0,149.3,104,25.38,273.6,75,23.26,206.6,72,9.3,9.1,4,2.46,0,0
NH,37,415,no,no,0,206,89,35.02,186,88,15.81,307.1,86,13.82,8.4,11,2.27,0,0
IA,98,415,no,no,0,216.8,86,36.86,190.8,114,16.22,187.5,79,8.44,11,9,2.97,0,0
WV,121,415,no,no,0,103.3,110,17.56,129.1,82,10.97,167.1,113,7.52,10.7,3,2.89,0,0
RI,94,415,no,no,0,139.4,95,23.7,159.1,92,13.52,128.2,129,5.77,7.7,3,2.08,0,0
KS,99,415,no,no,0,191.2,110,32.5,163.9,102,13.93,243.6,114,10.96,14.1,3,3.81,1,0
MT,163,510,no,yes,23,160,104,27.2,189.4,64,16.1,229.9,118,10.35,10.4,7,2.81,1,0
MO,161,510,no,no,0,221.7,95,37.69,193,82,16.41,194.1,113,8.73,6.5,4,1.76,3,0
HI,99,415,no,no,0,62.9,81,10.69,231,64,19.64,168.9,121,7.6,8.5,5,2.3,1,0
CO,108,415,no,no,0,215.6,78,36.65,195.3,119,16.6,194.4,65,8.75,3.6,5,0.97,1,0
CT,84,510,no,yes,42,165.3,97,28.1,223.5,118,19,260.8,72,11.74,7.6,7,2.05,3,0
ID,83,415,yes,yes,32,94.7,111,16.1,154.4,98,13.12,200.4,109,9.02,10.6,6,2.86,2,0
DC,139,510,no,no,0,203.2,81,34.54,152.5,99,12.96,197.8,76,8.9,9.7,3,2.62,2,0
TN,69,510,no,no,0,195.3,70,33.2,216.7,108,18.42,259.9,119,11.7,12.5,4,3.38,3,0
WY,129,510,no,no,0,143.7,114,24.43,297.8,98,25.31,212.6,86,9.57,11.4,8,3.08,4,0
MO,106,415,no,no,0,114.4,104,19.45,78.3,101,6.66,232.7,78,10.47,0,0,0,2,0
VA,158,415,no,no,0,222.8,101,37.88,203,128,17.26,210.6,106,9.48,6.9,2,1.86,2,0
SD,168,415,no,yes,22,175.9,70,29.9,211.7,105,17.99,174.5,81,7.85,7.3,5,1.97,2,0
WV,115,510,yes,no,0,249.9,95,42.48,242.5,104,20.61,151.7,121,6.83,15.3,6,4.13,1,1
GA,57,408,yes,yes,30,234.5,130,39.87,195.2,116,16.59,268.8,94,12.1,11.4,4,3.08,2,0
AZ,67,415,no,no,0,210.7,116,35.82,219.2,86,18.63,179.7,83,8.09,7.2,6,1.94,1,0
AK,127,408,no,no,0,182.3,124,30.99,169.9,110,14.44,184,116,8.28,9.3,3,2.51,1,0
AK,78,510,no,no,0,190.3,88,32.35,194.5,89,16.53,256.5,109,11.54,11.7,5,3.16,2,0
CT,100,415,no,yes,38,177.1,88,30.11,163.7,108,13.91,242.7,72,10.92,7.4,2,2,0,0
UT,103,510,no,yes,36,87.2,92,14.82,169.3,110,14.39,166.7,80,7.5,10.9,5,2.94,6,1
KY,113,415,no,no,0,215.6,96,36.65,193.4,127,16.44,105.4,115,4.74,13.5,3,3.65,1,0
MI,78,510,no,no,0,137.4,109,23.36,237.6,49,20.2,206.7,136,9.3,14,11,3.78,3,0
OR,129,510,no,yes,36,192.8,103,32.78,177,83,15.05,216.5,118,9.74,16.4,5,4.43,1,0
TN,57,510,no,no,0,149.3,100,25.38,200.2,110,17.02,231.7,101,10.43,11.9,3,3.21,2,0
WV,82,408,no,no,0,143.7,116,24.43,170.7,99,14.51,287.7,95,12.95,7.8,5,2.11,1,0
NJ,64,415,no,no,0,224.8,111,38.22,190,101,16.15,221.4,110,9.96,9.2,2,2.48,1,0
MS,86,510,no,yes,39,261.2,122,44.4,214.2,101,18.21,154.9,101,6.97,12.7,5,3.43,2,0
ME,151,415,no,yes,26,196.5,98,33.41,175.8,111,14.94,221.8,124,9.98,13.4,5,3.62,0,0
WY,94,510,no,no,0,271.2,105,46.1,202.6,105,17.22,221.6,51,9.97,11.5,3,3.11,3,1
WY,90,415,no,no,0,207.2,121,35.22,292.5,104,24.86,226.3,103,10.18,8,1,2.16,2,0
IN,48,510,no,no,0,300.4,94,51.07,133.2,103,11.32,197.4,94,8.88,7.2,5,1.94,2,0
NM,85,408,no,yes,37,229.6,123,39.03,132.3,90,11.25,211.9,76,9.54,9.5,8,2.57,2,0
NJ,93,415,yes,yes,20,187.5,110,31.88,169.8,94,14.43,175.3,127,7.89,12.1,4,3.27,1,0
DC,169,415,yes,no,0,57.1,98,9.71,199.7,78,16.97,274.7,103,12.36,6.5,6,1.76,3,0
UT,68,415,no,no,0,162.1,86,27.56,155,86,13.18,189.7,87,8.54,11,9,2.97,5,1
KY,91,415,yes,no,0,145,89,24.65,175.8,102,14.94,223.7,151,10.07,16.7,3,4.51,2,1
KS,68,510,no,no,0,159.5,123,27.12,240.8,93,20.47,210.3,76,9.46,11.4,3,3.08,1,0
MI,101,510,no,no,0,190.7,72,32.42,208.6,103,17.73,203.8,111,9.17,8.8,8,2.38,1,0
UT,67,510,no,yes,20,230.6,40,39.2,189.1,58,16.07,162.2,115,7.3,9.4,2,2.54,1,0
NE,66,415,no,no,0,34,133,5.78,278.6,61,23.68,129.6,120,5.83,11.5,3,3.11,0,0
FL,116,415,no,yes,17,193.4,112,32.88,240.6,131,20.45,248.1,98,11.16,11.4,3,3.08,5,0
LA,158,408,no,no,0,202,126,34.34,163.5,86,13.9,195.4,84,8.79,10.4,6,2.81,1,0
MT,78,415,no,no,0,191.7,122,32.59,241.4,88,20.52,203.5,86,9.16,9.1,5,2.46,1,0
WA,119,415,no,yes,26,161.3,97,27.42,250.3,110,21.28,142.4,92,6.41,6.6,8,1.78,1,0
MI,120,415,no,no,0,150.6,85,25.6,119,128,10.12,232.9,123,10.48,6.4,2,1.73,1,0
KY,155,510,no,no,0,184.6,102,31.38,196,117,16.66,226.5,122,10.19,7.8,1,2.11,1,0
LA,106,408,no,no,0,220.7,120,37.52,270.2,95,22.97,121.6,113,5.47,8.7,5,2.35,1,0
NM,87,510,yes,no,0,167.3,119,28.44,198.5,119,16.87,133.1,88,5.99,11,6,2.97,1,0
AL,146,415,no,yes,32,154,80,26.18,185.5,91,15.77,148.2,107,6.67,8.2,4,2.21,3,0
MO,101,415,no,yes,29,121.1,116,20.59,186.4,100,15.84,241.7,75,10.88,10.1,6,2.73,0,0
CO,22,510,no,yes,23,182.1,94,30.96,164.6,59,13.99,128.8,102,5.8,12.7,4,3.43,3,0
TX,90,415,no,no,0,109.6,88,18.63,137.6,108,11.7,159.7,121,7.19,11,5,2.97,2,0
NY,41,415,no,no,0,209.9,105,35.68,121.9,105,10.36,253.7,104,11.42,9.6,4,2.59,1,0
OR,69,415,no,no,0,167.5,76,28.48,242.1,92,20.58,101.2,103,4.55,11.4,4,3.08,2,0
WY,33,415,no,no,0,213.9,88,36.36,239.8,119,20.38,148.7,71,6.69,9.8,14,2.65,2,0
UT,112,415,no,no,0,115.8,108,19.69,243.3,111,20.68,184.6,78,8.31,13.1,5,3.54,1,0
LA,108,510,no,yes,30,276.6,99,47.02,220.1,113,18.71,177.9,95,8.01,9.8,6,2.65,2,0
NV,136,415,no,yes,21,179.4,88,30.5,181.1,97,15.39,320.7,120,14.43,9.5,4,2.57,2,0
NC,128,510,no,no,0,187.3,84,31.84,270.8,95,23.02,206.4,68,9.29,10.1,5,2.73,1,0
NC,27,408,no,no,0,201.2,128,34.2,227.2,100,19.31,145.8,91,6.56,8.4,3,2.27,2,0
WY,161,415,yes,no,0,189.6,78,32.23,267.4,117,22.73,184.5,137,8.3,1.3,6,0.35,1,0
TN,33,415,no,yes,35,186.8,124,31.76,261,69,22.19,317.8,103,14.3,15,5,4.05,0,0
FL,120,415,no,yes,31,153.5,83,26.1,219.1,96,18.62,237.4,76,10.68,11.4,4,3.08,0,0
CA,113,415,no,no,0,187.6,97,31.89,208.2,118,17.7,158.9,101,7.15,8.7,6,2.35,2,0
PA,122,415,yes,no,0,230.9,132,39.25,243.2,99,20.67,182.4,57,8.21,11,2,2.97,0,1
WV,148,415,no,yes,26,244.9,150,41.63,118,138,10.03,236,91,10.62,15.2,4,4.1,2,0
NJ,74,415,no,no,0,230.9,93,39.25,223,78,18.96,157.8,101,7.1,9.7,2,2.62,3,0
MT,106,415,no,no,0,187.1,104,31.81,250.2,117,21.27,144.9,81,6.52,11,3,2.97,1,0
MN,179,415,no,no,0,170.7,54,29.02,191.1,108,16.24,214.6,107,9.66,13.3,4,3.59,1,0
WI,149,415,yes,yes,28,126.9,97,21.57,166.9,102,14.19,145.2,77,6.53,8.8,3,2.38,5,1
ID,77,510,no,no,0,189.5,112,32.22,207,95,17.6,214.1,91,9.63,9.2,7,2.48,0,0
MA,127,408,yes,no,0,176.9,110,30.07,167.9,100,14.27,182.2,138,8.2,7.7,2,2.08,1,1
OR,80,415,no,no,0,161.1,99,27.39,198.8,81,16.9,228.4,116,10.28,10.6,4,2.86,1,0
MT,106,510,no,no,0,169.4,107,28.8,197.2,71,16.76,202.2,79,9.1,10.7,4,2.89,1,0
AL,61,415,no,yes,20,254.4,133,43.25,161.7,96,13.74,251.4,91,11.31,10.5,4,2.84,0,0
ND,135,510,yes,yes,24,127.7,54,21.71,215,105,18.28,234.3,84,10.54,5.8,4,1.57,2,0
LA,115,415,no,yes,26,170.5,107,28.99,217.2,77,18.46,225.7,71,10.16,13.6,5,3.67,6,0
ND,167,408,yes,no,0,219.1,100,37.25,242.9,90,20.65,168.9,101,7.6,10.1,4,2.73,2,0
MS,107,510,yes,no,0,273.5,104,46.5,183.8,68,15.62,153.8,67,6.92,11,9,2.97,2,0
WV,112,415,yes,no,0,161.9,138,27.52,200.9,114,17.08,134,134,6.03,10.7,4,2.89,1,0
WI,35,510,no,yes,27,241.7,87,41.09,142,101,12.07,288.9,68,13,9.4,4,2.54,1,0
KS,103,408,yes,no,0,62.8,124,10.68,170.4,66,14.48,280.2,78,12.61,9.4,4,2.54,3,0
MO,107,415,no,yes,22,281.1,83,47.79,143.7,130,12.21,239.4,128,10.77,11.2,9,3.02,1,0
PA,69,415,no,no,0,228.2,70,38.79,263.7,80,22.41,142.6,60,6.42,10.7,5,2.89,3,0
SD,85,408,no,no,0,209.8,82,35.67,194.5,94,16.53,200.4,85,9.02,11.3,3,3.05,0,0
NJ,24,408,no,no,0,265.6,86,45.15,208.8,102,17.75,182.5,105,8.21,11.1,6,3,2,1
AL,90,415,no,no,0,214.9,97,36.53,117.8,117,10.01,133.7,78,6.02,11.8,2,3.19,2,0
ME,137,510,no,no,0,110.5,79,18.79,223.2,111,18.97,169.5,64,7.63,10.5,3,2.84,3,0
AZ,92,415,yes,yes,45,281.1,88,47.79,198,103,16.83,94.3,76,4.24,7.5,3,2.03,0,0
VT,38,415,no,no,0,137.8,86,23.43,286.3,76,24.34,167,77,7.52,14.1,3,3.81,2,0
NV,69,510,yes,yes,33,271.5,98,46.16,253.4,102,21.54,165.4,85,7.44,8.2,2,2.21,1,1
WI,45,408,no,no,0,112.8,108,19.18,218.8,120,18.6,240.2,106,10.81,9,3,2.43,2,0
HI,73,408,no,no,0,187.3,118,31.84,239.7,90,20.37,167.5,108,7.54,15.1,2,4.08,1,0
DE,92,415,no,no,0,197,84,33.49,269.3,105,22.89,158.9,105,7.15,10.8,4,2.92,1,0
AZ,113,415,no,yes,32,180.4,89,30.67,129.4,124,11,166.9,124,7.51,8.4,2,2.27,1,0
VA,68,408,yes,no,0,148.5,126,25.25,219.4,125,18.65,198.5,121,8.93,14.5,7,3.92,1,1
GA,135,415,no,yes,22,197.1,113,33.51,259.4,95,22.05,134.7,135,6.06,14.6,5,3.94,2,0
AZ,100,415,no,yes,26,153.7,115,26.13,137.8,146,11.71,213.5,104,9.61,15.9,5,4.29,1,0
MN,96,415,no,yes,27,261.3,96,44.42,220.9,101,18.78,179.4,97,8.07,11.3,2,3.05,1,0
ME,108,510,no,no,0,246.2,102,41.85,202.4,134,17.2,180.1,95,8.1,9.4,5,2.54,1,0
FL,84,510,no,no,0,191,88,32.47,318.8,119,27.1,247.3,79,11.13,6.5,4,1.76,0,0
WA,134,408,no,no,0,208.3,86,35.41,253.6,89,21.56,291,86,13.1,12.6,3,3.4,1,0
MT,72,415,no,no,0,253,73,43.01,219.3,78,18.64,210.8,89,9.49,9.8,4,2.65,0,0
AL,83,408,no,no,0,202.3,87,34.39,201.5,111,17.13,101.7,82,4.58,6.8,4,1.84,0,0
WV,137,408,no,no,0,174.4,120,29.65,156.3,98,13.29,136.5,121,6.14,10.2,5,2.75,0,0
GA,56,415,no,yes,30,127.1,89,21.61,172.1,116,14.63,194.6,111,8.76,12.1,3,3.27,1,0
OH,61,510,yes,yes,16,143.5,76,24.4,242.6,58,20.62,147.7,95,6.65,11.3,3,3.05,0,0
DE,171,510,no,yes,17,186.9,94,31.77,240,138,20.4,200.9,64,9.04,5.8,3,1.57,1,0
NE,123,510,no,no,0,194,118,32.98,242,114,20.57,146.3,108,6.58,12.1,4,3.27,1,0
FL,58,510,no,no,0,234.8,89,39.92,106.8,131,9.08,178.5,122,8.03,9.9,6,2.67,0,0
AK,156,510,no,no,0,123.7,96,21.03,103,80,8.76,189.4,82,8.52,13.1,4,3.54,1,0
WI,166,510,no,no,0,173.9,103,29.56,276.4,83,23.49,190.8,113,8.59,15.3,5,4.13,0,0
WA,75,510,no,yes,41,130.9,115,22.25,203.4,110,17.29,171.7,68,7.73,12.4,4,3.35,1,0
KY,75,415,no,no,0,314.6,102,53.48,169.8,86,14.43,285.1,100,12.83,5.7,3,1.54,2,1
OH,83,510,no,no,0,227.9,78,38.74,207.5,115,17.64,211.7,100,9.53,12.1,5,3.27,1,0
UT,243,510,no,no,0,95.5,92,16.24,163.7,63,13.91,264.2,118,11.89,6.6,6,1.78,2,0
NM,153,408,no,no,0,185.3,127,31.5,208,73,17.68,206.1,124,9.27,15.1,3,4.08,1,0
MN,150,415,no,no,0,146.3,133,24.87,202.7,95,17.23,234.7,103,10.56,13.1,3,3.54,1,0
WV,92,510,no,yes,16,184,99,31.28,76.4,134,6.49,185.1,96,8.33,12.7,3,3.43,2,0
MN,80,415,no,no,0,105.8,110,17.99,43.9,88,3.73,189.6,87,8.53,13.1,5,3.54,0,0
AL,134,415,no,no,0,178,110,30.26,153.8,64,13.07,236.6,105,10.65,11.7,4,3.16,1,0
PA,77,510,no,yes,24,149.4,74,25.4,123.9,72,10.53,174.3,84,7.84,10.1,6,2.73,1,0
DE,147,510,no,no,0,209.4,104,35.6,132.5,78,11.26,149.4,123,6.72,11.3,3,3.05,2,0
MO,74,415,no,no,0,172.1,105,29.26,211.7,99,17.99,182.2,105,8.2,11.6,6,3.13,1,0
IL,138,510,yes,no,0,169.3,82,28.78,217.9,147,18.52,184.2,77,8.29,9.4,9,2.54,1,0
FL,143,415,no,no,0,119.1,117,20.25,287.7,136,24.45,223,100,10.04,12.2,4,3.29,0,0
HI,64,415,no,no,0,194.2,147,33.01,173.4,87,14.74,268.7,114,12.09,5.5,2,1.49,2,0
ME,120,510,no,no,0,198.8,56,33.8,230.1,73,19.56,119.8,81,5.39,9.9,3,2.67,2,0
CO,121,408,yes,no,0,167.7,94,28.51,93.7,121,7.96,241.3,115,10.86,13.4,1,3.62,3,1
NH,88,415,no,no,0,202.2,86,34.37,216.8,93,18.43,239.4,99,10.77,11.8,2,3.19,2,0
SC,87,408,no,no,0,322.5,106,54.83,204.6,93,17.39,186.2,128,8.38,9.4,4,2.54,2,1
IN,100,510,no,no,0,216.2,107,36.75,215.6,84,18.33,138.4,127,6.23,10.2,3,2.75,0,0
FL,104,415,no,no,0,76.4,116,12.99,115.6,74,9.83,226.3,94,10.18,9.4,3,2.54,3,0
GA,27,510,no,no,0,72.7,75,12.36,208.6,117,17.73,65.8,71,2.96,9.9,3,2.67,1,0
IL,81,415,no,yes,31,210.4,100,35.77,225.5,97,19.17,168.7,120,7.59,9.7,4,2.62,0,0
NC,64,510,yes,yes,33,127.2,93,21.62,162.9,104,13.85,247.4,109,11.13,8.1,13,2.19,0,0
VT,107,510,no,yes,28,201.8,79,34.31,304.9,128,25.92,225.6,133,10.15,11.9,8,3.21,1,0
DC,88,415,no,yes,17,219.5,78,37.32,222.1,94,18.88,188.3,92,8.47,16.1,5,4.35,1,0
VT,111,408,no,no,0,99.3,112,16.88,270.5,136,22.99,225.3,94,10.14,9,6,2.43,3,0
NV,77,415,no,no,0,239.2,114,40.66,150,115,12.75,160.8,81,7.24,10.3,2,2.78,5,0
OR,67,415,yes,no,0,120.9,58,20.55,235,88,19.98,95.1,130,4.28,11.4,11,3.08,2,0
AL,102,408,no,no,0,224.7,81,38.2,129.4,112,11,167.6,109,7.54,15.8,6,4.27,1,0
ND,146,408,no,yes,19,176.6,88,30.02,162.7,66,13.83,215.5,98,9.7,14.6,6,3.94,1,0
FL,144,415,no,yes,51,283.9,98,48.26,192,109,16.32,196.3,85,8.83,10,4,2.7,1,0
NE,96,415,no,no,0,180.6,92,30.7,190.9,114,16.23,295.6,125,13.3,10.3,4,2.78,1,1
ND,70,415,no,yes,31,125.9,101,21.4,196.4,102,16.69,252.7,75,11.37,10.3,4,2.78,1,0
ME,149,408,no,no,0,237.6,79,40.39,192.4,107,16.35,207.4,111,9.33,9.1,9,2.46,0,0
IL,129,415,no,no,0,198.4,91,33.73,264.7,106,22.5,111.4,101,5.01,9.2,2,2.48,2,0
WA,166,408,no,no,0,274.3,110,46.63,52.9,109,4.5,246.1,119,11.07,10.9,5,2.94,0,0
MA,136,408,yes,no,0,199.6,89,33.93,211.4,96,17.97,72.4,84,3.26,11,4,2.97,3,1
KS,149,510,no,no,0,217.7,91,37.01,273.5,74,23.25,226.9,99,10.21,9.6,3,2.59,3,0
RI,70,415,no,no,0,134.7,96,22.9,235.9,90,20.05,260.2,113,11.71,7.6,6,2.05,3,0
MO,120,415,no,yes,24,212.7,73,36.16,257.5,103,21.89,227.8,119,10.25,9.7,13,2.62,2,0
IA,66,510,no,no,0,256.3,135,43.57,180.2,106,15.32,187.3,135,8.43,6.2,7,1.67,2,0
WY,104,408,no,no,0,183.6,133,31.21,120.7,98,10.26,215.1,112,9.68,12.7,2,3.43,1,0
NV,160,415,no,no,0,176.2,90,29.95,196,115,16.66,263.9,95,11.88,9.2,4,2.48,1,0
WI,129,415,no,yes,37,205,94,34.85,165.4,103,14.06,185,81,8.32,11.7,8,3.16,1,0
AL,93,408,no,no,0,267.9,114,45.54,223,74,18.96,262.7,90,11.82,11.3,3,3.05,3,1
HI,169,415,no,no,0,179.2,111,30.46,175.2,130,14.89,228.6,92,10.29,9.9,6,2.67,2,0
MO,58,415,no,no,0,149.4,145,25.4,196.5,105,16.7,209.5,108,9.43,14.9,3,4.02,1,0
CA,75,510,no,yes,38,163.6,132,27.81,146.7,113,12.47,345.8,115,15.56,13.1,3,3.54,3,0
MO,45,408,no,no,0,207.6,71,35.29,152.7,94,12.98,217.8,125,9.8,12.4,13,3.35,1,0
CT,155,510,no,no,0,165.4,108,28.12,183.7,103,15.61,80.2,108,3.61,8.9,4,2.4,3,0
MD,52,415,no,no,0,209.8,114,35.67,171.3,82,14.56,154.6,119,6.96,9.9,9,2.67,4,0
OH,119,415,no,yes,27,220.1,128,37.42,268.2,133,22.8,146.5,80,6.59,11.1,3,3,0,0
NV,86,510,no,no,0,141.3,72,24.02,154.3,95,13.12,210.6,91,9.48,8.2,5,2.21,1,0
MD,42,408,no,no,0,196.5,89,33.41,241.3,123,20.51,143.2,105,6.44,4,7,1.08,0,0
NE,127,510,yes,no,0,180.9,114,30.75,209.5,118,17.81,249.9,105,11.25,7.4,4,2,2,0
OH,123,408,no,no,0,105,150,17.85,251.6,90,21.39,258,93,11.61,14.9,5,4.02,0,0
MA,98,510,no,no,0,271.4,119,46.14,190.4,102,16.18,284.7,118,12.81,11.1,6,3,4,1
OK,149,510,no,yes,43,206.7,79,35.14,174.6,122,14.84,241.5,80,10.87,10.9,3,2.94,1,0
MA,160,408,no,no,0,166.8,109,28.36,236,117,20.06,307.6,77,13.84,9.3,1,2.51,1,0
WA,103,415,no,no,0,204.9,107,34.83,135.2,102,11.49,208.2,106,9.37,10.4,3,2.81,5,0
HI,132,415,no,yes,15,154.6,128,26.28,245.6,106,20.88,148.6,90,6.69,9.1,4,2.46,1,0
CO,137,415,no,no,0,127,107,21.59,323.2,75,27.47,143.9,127,6.48,7.5,2,2.03,1,0
FL,129,415,yes,no,0,267.4,78,45.46,204.2,85,17.36,111.7,146,5.03,5.9,4,1.59,1,0
WI,62,415,no,no,0,281,66,47.77,160.6,108,13.65,77.9,74,3.51,0,0,0,1,0
ID,122,510,no,yes,33,270.8,96,46.04,220.4,110,18.73,169.9,104,7.65,11.8,8,3.19,4,0
WY,32,408,no,no,0,171.2,82,29.1,185.6,102,15.78,203.3,64,9.15,10.2,7,2.75,1,0
GA,86,510,no,no,0,124.1,82,21.1,202.6,120,17.22,289.6,119,13.03,6.7,8,1.81,3,0
FL,130,415,no,no,0,162.8,113,27.68,290.3,111,24.68,114.9,140,5.17,7.2,3,1.94,1,0
WY,42,408,no,no,0,146.3,84,24.87,255.9,113,21.75,45,117,2.03,8,12,2.16,1,0
DE,73,415,no,no,0,254.8,85,43.32,143.4,80,12.19,153.9,102,6.93,15,7,4.05,2,0
ME,66,408,no,yes,26,254.9,108,43.33,243.2,135,20.67,190.8,95,8.59,5.4,3,1.46,2,0
DC,103,510,no,yes,31,107.7,124,18.31,188.9,104,16.06,196.2,98,8.83,8.9,3,2.4,0,0
IA,128,408,no,no,0,158.8,75,27,264.8,91,22.51,270,77,12.15,7.6,7,2.05,1,0
CO,104,415,no,no,0,182.9,113,31.09,239.6,85,20.37,229.8,104,10.34,5.5,4,1.49,2,0
MN,103,415,no,no,0,198.5,112,33.75,42.5,90,3.61,179.2,124,8.06,12.4,5,3.35,0,0
VT,124,415,no,no,0,178.4,72,30.33,233.6,134,19.86,179.4,91,8.07,12,2,3.24,0,0
AZ,87,510,no,no,0,110.9,91,18.85,158.5,115,13.47,207.5,131,9.34,6.2,5,1.67,1,0
LA,109,415,no,yes,27,166.9,85,28.37,221.2,92,18.8,197.3,97,8.88,12.3,4,3.32,1,1
MO,167,415,yes,no,0,244.8,91,41.62,60.8,105,5.17,176.7,110,7.95,10.7,3,2.89,2,0
ME,97,510,no,no,0,120.8,96,20.54,169.8,101,14.43,194.1,63,8.73,11.9,3,3.21,4,1
MD,106,415,no,no,0,165.3,118,28.1,210,101,17.85,187.2,93,8.42,8.5,3,2.3,2,0
VT,125,415,no,no,0,126.7,113,21.54,155.5,131,13.22,206.2,112,9.28,14.4,7,3.89,2,0
DC,108,408,no,yes,35,215.9,106,36.7,200.6,107,17.05,195.4,107,8.79,15.5,7,4.19,0,0
WY,125,415,no,no,0,140.1,132,23.82,209.6,126,17.82,264.1,77,11.88,8,2,2.16,1,0
VA,89,415,no,yes,32,209.9,113,35.68,249.8,104,21.23,224.2,92,10.09,8.7,7,2.35,1,0
VA,72,510,yes,yes,29,139.8,114,23.77,138.2,91,11.75,221,88,9.95,5.5,6,1.49,0,0
CT,23,510,no,no,0,321.6,107,54.67,251.6,115,21.39,141.1,158,6.35,11.3,3,3.05,2,1
HI,149,510,no,no,0,166.6,61,28.32,218.8,107,18.6,208.3,131,9.37,8.2,6,2.21,7,0
WI,73,415,no,no,0,214.2,90,36.41,196.8,78,16.73,157.9,112,7.11,5.9,8,1.59,0,0
MD,61,415,no,no,0,260,123,44.2,210.5,127,17.89,234.7,70,10.56,9,3,2.43,1,1
WV,161,415,no,no,0,191.9,113,32.62,70.9,87,6.03,204.8,107,9.22,13.4,4,3.62,4,1
VT,73,408,no,no,0,213,95,36.21,188.8,104,16.05,136.2,89,6.13,13.5,3,3.65,0,0
UT,118,415,no,yes,24,118.1,83,20.08,109.6,72,9.32,245.5,73,11.05,16.9,2,4.56,1,0
CO,23,408,no,no,0,190.2,89,32.33,166.4,108,14.14,219.8,73,9.89,15,4,4.05,6,0
NC,127,415,no,yes,25,82.2,95,13.97,163.3,109,13.88,264.9,104,11.92,5.1,6,1.38,0,0
NJ,42,415,no,yes,32,163.8,80,27.85,177.8,123,15.11,190.4,106,8.57,8.1,5,2.19,0,0
AR,118,415,no,no,0,267.8,145,45.53,316.4,121,26.89,208.6,91,9.39,14.4,11,3.89,5,1
IA,45,510,no,no,0,159.8,91,27.17,120.4,86,10.23,163,93,7.34,10.6,3,2.86,2,0
GA,50,408,no,yes,24,214.3,129,36.43,289.8,55,24.63,312.5,130,14.06,10.6,4,2.86,1,0
MO,179,510,no,no,0,287.3,123,48.84,288,114,24.48,266,112,11.97,10.5,4,2.84,0,1
MO,152,408,no,no,0,101.2,122,17.2,141.6,87,12.04,198.5,124,8.93,7.5,3,2.03,2,0
WY,105,415,no,no,0,102.8,74,17.48,281.7,125,23.94,228.1,113,10.26,13.2,5,3.56,2,0
HI,72,415,no,no,0,109.1,97,18.55,115.7,96,9.83,295.8,84,13.31,8.3,6,2.24,0,0
PA,52,408,no,no,0,215.9,67,36.7,217,108,18.45,342.8,130,15.43,5.2,2,1.4,1,0
TX,125,415,no,no,0,203.4,110,34.58,128.7,97,10.94,190.5,113,8.57,11,4,2.97,1,0
VA,143,510,no,no,0,110.1,113,18.72,169,59,14.37,166.7,94,7.5,9.2,2,2.48,1,0
RI,65,415,no,no,0,111,51,18.87,219.8,84,18.68,202,89,9.09,4.4,14,1.19,1,0
WI,80,415,no,no,0,239.9,121,40.78,142.3,51,12.1,364.3,106,16.39,9.3,5,2.51,1,0
MS,1,415,no,no,0,144.8,107,24.62,112.5,66,9.56,218.7,79,9.84,13.8,3,3.73,1,0
KY,60,408,no,no,0,135.4,134,23.02,205.9,85,17.5,204,103,9.18,7.9,4,2.13,1,0
NC,43,415,no,no,0,84.2,134,14.31,80.8,103,6.87,196.1,79,8.82,10.8,2,2.92,1,0
NV,143,415,no,no,0,209.1,127,35.55,106.1,80,9.02,179.6,90,8.08,14,6,3.78,0,0
UT,81,415,no,yes,24,130.1,117,22.12,196,61,16.66,139.3,123,6.27,11.4,5,3.08,0,0
ME,205,510,no,yes,24,175.8,139,29.89,155,98,13.18,180.7,64,8.13,7.8,5,2.11,2,0
HI,24,415,no,no,0,241.9,104,41.12,145.2,112,12.34,214.5,105,9.65,6.6,5,1.78,1,0
OH,74,415,no,no,0,136.7,106,23.24,228.6,105,19.43,265.3,114,11.94,9.8,4,2.65,0,0
WV,77,510,no,no,0,67.7,68,11.51,195.7,86,16.63,236.5,137,10.64,12,2,3.24,1,0
OK,74,415,no,no,0,200.4,87,34.07,309.2,105,26.28,152.1,118,6.84,10,2,2.7,1,0
KY,74,510,yes,no,0,125.8,103,21.39,207.7,96,17.65,207.4,143,9.33,14.1,4,3.81,1,1
AL,200,408,no,no,0,128.2,87,21.79,133.2,105,11.32,177.6,123,7.99,11.2,2,3.02,1,0
MD,86,408,no,no,0,226.3,88,38.47,223,107,18.96,255.6,92,11.5,13,3,3.51,4,0
NE,91,510,no,yes,37,162.3,107,27.59,233.9,115,19.88,277.4,94,12.48,9.2,4,2.48,0,0
DC,76,415,no,no,0,224.4,121,38.15,147.9,97,12.57,183.8,74,8.27,6.7,2,1.81,2,0
TX,130,415,no,no,0,120.5,127,20.49,189.7,52,16.12,270.1,107,12.15,14.3,2,3.86,1,0
OH,56,408,no,no,0,91.1,90,15.49,179.3,115,15.24,300.7,89,13.53,11.9,8,3.21,2,0
DE,117,415,no,no,0,168.8,137,28.7,241.4,107,20.52,204.8,106,9.22,15.5,4,4.19,0,0
IA,63,510,no,no,0,153.5,81,26.1,287.3,115,24.42,230.2,85,10.36,6.5,5,1.76,2,0
VT,126,415,no,no,0,226.2,88,38.45,140.3,114,11.93,208.9,110,9.4,6.4,2,1.73,0,0
OR,132,510,no,no,0,191.9,107,32.62,206.9,127,17.59,272,88,12.24,12.6,2,3.4,1,0
NV,81,415,no,yes,28,167.9,147,28.54,190.7,105,16.21,193,103,8.69,9.2,6,2.48,4,1
NC,122,415,no,no,0,180,88,30.6,145,77,12.33,233.7,120,10.52,11.5,6,3.11,2,0
NJ,46,408,no,no,0,257.4,67,43.76,261.1,91,22.19,204.4,107,9.2,13.4,5,3.62,2,1
MN,150,415,no,yes,28,174.4,75,29.65,169.9,80,14.44,201.6,130,9.07,11,4,2.97,1,0
ID,99,408,no,no,0,159.7,83,27.15,155.4,121,13.21,255.7,114,11.51,8.4,3,2.27,1,0
AL,87,408,no,no,0,237.2,124,40.32,222.6,87,18.92,173.3,81,7.8,11,3,2.97,1,0
AK,108,415,no,no,0,103,129,17.51,242.3,103,20.6,170.2,89,7.66,7.9,3,2.13,1,0
VT,101,415,no,no,0,153.8,89,26.15,234,89,19.89,196.3,77,8.83,11.6,2,3.13,4,0
PA,53,415,no,no,0,205.1,86,34.87,160.5,95,13.64,149.5,142,6.73,10.7,2,2.89,3,0
AK,132,415,no,yes,39,175.7,93,29.87,187.2,94,15.91,225.5,118,10.15,8.6,3,2.32,2,0
CA,158,510,no,no,0,155.9,123,26.5,224.2,112,19.06,221,116,9.95,8.6,8,2.32,2,0
MS,114,415,no,yes,34,154.4,109,26.25,221.4,142,18.82,208.5,103,9.38,10.3,5,2.78,0,0
AR,77,415,no,yes,23,209.7,73,35.65,183.6,63,15.61,205.5,111,9.25,7.1,3,1.92,2,0
NV,144,415,yes,no,0,150,69,25.5,285.9,73,24.3,190.6,121,8.58,9.4,15,2.54,0,0
AL,91,510,no,yes,23,232.4,97,39.51,186,88,15.81,190.5,128,8.57,12.3,3,3.32,3,0
GA,58,408,no,no,0,165.4,100,28.12,115.7,87,9.83,193.8,118,8.72,12.8,5,3.46,2,0
AR,5,415,no,no,0,199.2,106,33.86,187.3,12,15.92,214,85,9.63,13.3,3,3.59,3,0
MA,97,408,no,no,0,217.6,81,36.99,320.5,51,27.24,150.7,110,6.78,4.2,3,1.13,0,0
NJ,107,415,no,no,0,212.1,95,36.06,150.1,88,12.76,219.8,111,9.89,7.7,2,2.08,3,0
MO,142,415,no,yes,30,154,75,26.18,165.8,97,14.09,270,83,12.15,10.8,5,2.92,1,0
NY,9,408,no,yes,31,193.8,130,32.95,202.6,98,17.22,191.2,102,8.6,13.3,2,3.59,1,0
AZ,73,415,no,no,0,175.4,130,29.82,248.1,105,21.09,122.4,85,5.51,12.2,4,3.29,0,0
NJ,48,510,no,yes,22,152,63,25.84,258.8,131,22,263.2,109,11.84,15.7,5,4.24,2,1
WV,43,408,no,no,0,230.2,147,39.13,186.7,121,15.87,128.4,100,5.78,9.2,3,2.48,0,0
NM,122,408,no,yes,33,174.9,103,29.73,248.2,105,21.1,164.6,116,7.41,13.5,3,3.65,1,1
SC,93,415,no,no,0,190.2,68,32.33,262.2,64,22.29,130,92,5.85,8.8,4,2.38,0,0
VT,85,415,no,no,0,176.4,122,29.99,224.9,123,19.12,219.6,50,9.88,11.5,1,3.11,1,0
TN,59,415,no,no,0,160.9,95,27.35,251.2,65,21.35,273.4,97,12.3,5,5,1.35,3,0
LA,87,415,no,no,0,228.7,90,38.88,163,99,13.86,154.1,90,6.93,11.8,3,3.19,1,0
OH,137,408,no,no,0,144,90,24.48,181.6,100,15.44,128.1,93,5.76,12.3,2,3.32,0,0
OR,21,510,no,yes,31,135.9,90,23.1,271,84,23.04,179.1,89,8.06,9.5,7,2.57,6,0
DE,129,510,no,no,0,334.3,118,56.83,192.1,104,16.33,191,83,8.59,10.4,6,2.81,0,1
KY,104,415,no,no,0,130.5,77,22.19,131.2,117,11.15,264.7,63,11.91,13,6,3.51,0,0
GA,93,408,no,yes,21,134.2,105,22.81,162.5,128,13.81,186.6,90,8.4,11.8,2,3.19,4,1
VT,63,415,no,no,0,278,102,47.26,266.4,114,22.64,224.1,118,10.08,13.1,4,3.54,4,1
OR,161,415,no,no,0,105.4,70,17.92,214.8,122,18.26,223.6,126,10.06,7.8,5,2.11,0,0
TX,50,510,no,no,0,188.9,94,32.11,203.9,104,17.33,151.8,124,6.83,11.6,8,3.13,3,0
MO,103,408,no,yes,24,111.8,85,19.01,239.6,102,20.37,268.3,81,12.07,6.9,4,1.86,1,0
ND,84,415,no,yes,33,159.1,106,27.05,149.8,101,12.73,213.4,108,9.6,13,18,3.51,1,0
MN,92,510,no,no,0,212.4,105,36.11,224.6,118,19.09,221.3,105,9.96,9,4,2.43,1,0
NV,77,415,no,no,0,142.3,112,24.19,306.3,111,26.04,196.5,82,8.84,9.9,1,2.67,1,0
NY,64,415,yes,no,0,346.8,55,58.96,249.5,79,21.21,275.4,102,12.39,13.3,9,3.59,1,1
FL,159,415,no,yes,15,113.9,102,19.36,145.3,146,12.35,195.2,137,8.78,11.8,9,3.19,1,0
KS,110,415,yes,yes,27,267.9,103,45.54,263.3,74,22.38,178.1,106,8.01,8.3,2,2.24,1,1
NV,138,510,no,no,0,171.4,117,29.14,115.2,128,9.79,224.5,115,10.1,17,4,4.59,3,0
NV,178,408,no,no,0,275.4,150,46.82,187.5,62,15.94,147.1,126,6.62,13.6,3,3.67,1,0
SC,38,415,no,yes,31,197.2,118,33.52,249.9,70,21.24,298.9,104,13.45,3.9,2,1.05,0,0
MI,50,415,no,yes,35,192.6,97,32.74,135.2,101,11.49,216.2,101,9.73,7.9,2,2.13,2,0
MI,45,510,no,yes,26,91.7,104,15.59,150.6,119,12.8,63.3,103,2.85,7.7,5,2.08,1,0
TN,70,510,no,no,0,126.3,99,21.47,141.6,106,12.04,255.9,96,11.52,9.6,2,2.59,0,0
NY,147,510,no,yes,33,251.5,107,42.76,234.1,110,19.9,213.4,87,9.6,10.4,6,2.81,3,0
NV,94,510,no,no,0,190.6,108,32.4,152.3,95,12.95,144.7,97,6.51,7.5,5,2.03,1,0
IL,179,510,no,no,0,116.1,101,19.74,201.8,99,17.15,181.9,103,8.19,11.6,5,3.13,0,0
MS,116,415,no,no,0,217.3,91,36.94,216.1,95,18.37,148.1,76,6.66,11.3,3,3.05,2,0
ND,59,510,no,no,0,179.4,80,30.5,232.5,99,19.76,175.8,105,7.91,14.7,3,3.97,0,0
NC,165,415,no,no,0,207.7,109,35.31,164.8,94,14.01,54.5,91,2.45,7.9,3,2.13,0,0
MI,133,408,no,no,0,277.3,138,47.14,228.4,117,19.41,117.3,103,5.28,12.8,4,3.46,2,1
TN,140,415,no,no,0,125.3,84,21.3,167.6,121,14.25,260.6,94,11.73,8.4,4,2.27,1,0
VT,93,408,no,yes,32,138.1,91,23.48,167.3,72,14.22,238.9,115,10.75,6.8,3,1.84,2,0
OK,52,510,no,yes,38,169.3,88,28.78,225.9,97,19.2,172,86,7.74,8.2,3,2.21,0,0
DE,64,415,no,yes,27,201.3,101,34.22,143.8,89,12.22,150.2,127,6.76,12.3,3,3.32,1,0
ND,12,510,yes,no,0,216.7,117,36.84,116.5,126,9.9,220,110,9.9,9.8,4,2.65,2,0
OR,48,415,no,no,0,190.4,92,32.37,317.5,85,26.99,133.4,113,6,8.3,4,2.24,2,0
NY,181,408,no,no,0,143.3,91,24.36,195.5,58,16.62,223.3,95,10.05,6,7,1.62,1,0
MO,168,415,no,yes,42,97.4,57,16.56,203.6,98,17.31,173.9,124,7.83,11.4,2,3.08,2,0
FL,155,415,no,no,0,181.4,111,30.84,167.7,92,14.25,168.5,122,7.58,11.3,3,3.05,3,0
ND,105,510,no,no,0,246.4,83,41.89,256.2,101,21.78,169,151,7.61,3.8,4,1.03,0,0
NY,11,415,no,no,0,143.4,130,24.38,289.4,50,24.6,194,100,8.73,9.7,6,2.62,2,0
ND,182,415,no,no,0,104.9,111,17.83,198.5,120,16.87,258.2,91,11.62,8,5,2.16,2,0
NY,104,415,no,no,0,156.2,93,26.55,193,54,16.41,222.7,94,10.02,13.1,5,3.54,1,0
OH,102,415,no,no,0,114.8,125,19.52,81.9,126,6.96,304.3,101,13.69,12,4,3.24,0,0
AL,122,415,no,no,0,232.5,96,39.53,205.5,120,17.47,213.7,91,9.62,11.9,2,3.21,0,0
SC,41,415,no,no,0,143.6,117,24.41,152.4,108,12.95,194.4,110,8.75,8.6,3,2.32,1,0
GA,132,415,no,no,0,176.7,132,30.04,244.1,80,20.75,176.3,120,7.93,9.1,4,2.46,2,0
WY,76,415,no,no,0,263.4,148,44.78,230.3,69,19.58,170.6,101,7.68,11.4,5,3.08,1,1
WV,13,415,no,no,0,146.4,74,24.89,148.5,92,12.62,216.7,96,9.75,11.3,3,3.05,1,0
HI,115,415,no,yes,33,145,72,24.65,194.5,157,16.53,242.3,138,10.9,14.2,3,3.83,2,0
WV,67,408,no,no,0,167.8,91,28.53,167.7,69,14.25,110.3,71,4.96,8.4,12,2.27,1,0
LA,154,510,no,no,0,166.9,99,28.37,154.9,97,13.17,189.4,89,8.52,7.2,5,1.94,0,0
AR,100,510,no,no,0,142.5,87,24.23,195.7,88,16.63,122.1,117,5.49,7.8,8,2.11,2,0
AK,146,510,yes,no,0,133,65,22.61,262.8,93,22.34,214.3,128,9.64,11.2,3,3.02,1,0
DC,148,415,no,yes,11,252.9,129,42.99,284.3,88,24.17,262.8,99,11.83,12.3,1,3.32,1,0
AL,67,415,no,yes,28,95,94,16.15,291.2,73,24.75,159.6,114,7.18,10,2,2.7,2,0
UT,161,510,yes,no,0,194.2,106,33.01,249.4,105,21.2,254.9,129,11.47,12.9,1,3.48,1,1
KS,70,415,no,no,0,222.8,114,37.88,215.9,113,18.35,223.5,122,10.06,0,0,0,1,0
MN,116,510,no,no,0,201.8,82,34.31,231.5,95,19.68,226.1,130,10.17,16.5,5,4.46,0,0
VA,99,415,no,yes,42,216,125,36.72,232.3,104,19.75,215.5,100,9.7,9.3,4,2.51,2,1
UT,87,415,no,no,0,146.3,108,24.87,171.8,102,14.6,167.5,66,7.54,5.3,9,1.43,1,0
IN,87,510,no,no,0,234.8,85,39.92,140.9,91,11.98,204.3,93,9.19,9.5,5,2.57,1,0
CT,70,408,no,no,0,198.6,111,33.76,213.9,115,18.18,171.2,105,7.7,10.6,6,2.86,2,0
DE,131,408,no,no,0,94.4,80,16.05,215.1,101,18.28,179.7,108,8.09,13.1,9,3.54,2,0
VT,119,510,no,no,0,190.4,74,32.37,215.6,113,18.33,161.2,111,7.25,10,1,2.7,2,0
MO,119,408,no,yes,32,142.6,77,24.24,208.2,126,17.7,171,102,7.69,12,2,3.24,3,0
RI,87,510,yes,no,0,134.2,80,22.81,165,71,14.03,173.1,102,7.79,10.7,5,2.89,0,0
CA,112,415,no,no,0,111.9,92,19.02,114,143,9.69,146.8,79,6.61,14.1,3,3.81,5,1
RI,75,415,no,no,0,122.8,89,20.88,211.3,104,17.96,261.4,91,11.76,10.7,2,2.89,2,0
CT,150,510,no,no,0,189.3,77,32.18,220.9,105,18.78,238.7,117,10.74,9.2,5,2.48,4,0
IN,161,510,no,yes,38,240.4,112,40.87,201.8,102,17.15,206.1,112,9.27,16.1,6,4.35,0,0
FL,91,510,yes,yes,24,93.5,112,15.9,183.4,128,15.59,240.7,133,10.83,9.9,3,2.67,0,0
KS,124,415,no,no,0,158.6,104,26.96,211.2,77,17.95,179.3,104,8.07,10.2,8,2.75,3,0
NY,94,510,yes,no,0,243.2,109,41.34,147,88,12.5,94.9,99,4.27,7.2,4,1.94,4,0
TX,217,408,no,no,0,176.4,115,29.99,158.8,128,13.5,306.6,107,13.8,9.3,3,2.51,4,0
RI,158,510,no,no,0,220.9,129,37.55,242.2,108,20.59,233.3,75,10.5,6.4,5,1.73,0,0
NV,102,415,no,no,0,144.4,87,24.55,266.5,128,22.65,217.6,59,9.79,7.1,7,1.92,0,0
UT,85,510,no,no,0,212.3,107,36.09,228.4,103,19.41,163.3,116,7.35,7.7,3,2.08,0,0
OK,79,510,no,no,0,147,72,24.99,165.7,102,14.08,243.2,107,10.94,8.4,9,2.27,1,0
MN,139,510,no,yes,25,96.2,112,16.35,178.9,70,15.21,182.1,84,8.19,12.9,10,3.48,2,0
NC,103,415,no,no,0,263.4,118,44.78,179.1,69,15.22,214.7,112,9.66,10.3,2,2.78,0,0
OR,98,415,yes,no,0,12.5,67,2.13,256.6,90,21.81,169.4,88,7.62,7.7,9,2.08,1,0
NH,78,408,no,no,0,162.3,116,27.59,192.4,86,16.35,240.6,100,10.83,10.1,3,2.73,2,0
AK,50,408,no,no,0,183.6,107,31.21,58.6,118,4.98,202.6,99,9.12,8.7,3,2.35,1,0
OR,161,415,no,no,0,178.1,109,30.28,146.5,86,12.45,137.6,78,6.19,8.5,2,2.3,1,0
KS,67,408,no,no,0,201.4,101,34.24,97.6,122,8.3,202.5,119,9.11,7,3,1.89,0,0
WV,86,415,no,yes,38,123,158,20.91,133.9,119,11.38,138.2,103,6.22,13.3,4,3.59,1,0
GA,92,510,no,no,0,208,125,35.36,198.9,76,16.91,76.4,97,3.44,8.6,6,2.32,0,0
NM,174,415,no,no,0,239.2,72,40.66,188.5,124,16.02,105.6,116,4.75,8.8,3,2.38,1,0
OH,124,510,no,no,0,193,97,32.81,89.8,99,7.63,172.8,104,7.78,15.3,3,4.13,1,0
ND,132,415,no,yes,31,174.5,101,29.67,245.6,105,20.88,172.8,76,7.78,10.3,9,2.78,1,0
RI,190,415,no,yes,26,116.7,71,19.84,145.9,88,12.4,175.1,103,7.88,9.9,3,2.67,1,0
HI,101,510,no,no,0,93.8,127,15.95,150,104,12.75,241.1,116,10.85,10.7,2,2.89,1,0
WY,185,415,yes,yes,30,154.1,114,26.2,118.7,106,10.09,258.4,105,11.63,12.9,3,3.48,2,0
NY,68,415,no,yes,29,239.5,82,40.72,203.8,105,17.32,167.8,70,7.55,9.9,6,2.67,0,0
KS,117,510,no,yes,25,216,140,36.72,224.1,69,19.05,267.9,112,12.06,11.8,4,3.19,0,0
LA,118,408,no,no,0,187.4,97,31.86,177.8,89,15.11,233.4,97,10.5,12.2,6,3.29,1,0
PA,124,415,no,no,0,167.4,119,28.46,233.2,143,19.82,109.6,115,4.93,10.3,5,2.78,0,0
NV,22,510,no,no,0,160.4,108,27.27,218.1,88,18.54,192.9,115,8.68,12.5,4,3.38,1,0
MN,75,415,no,no,0,143.2,92,24.34,209.1,142,17.77,173,96,7.79,11.9,9,3.21,1,0
PA,134,408,no,no,0,205.3,122,34.9,240.5,155,20.44,179.1,107,8.06,5,9,1.35,1,0
MO,164,408,no,yes,25,219.1,88,37.25,151.5,99,12.88,50.1,60,2.25,14.3,6,3.86,1,0
NY,44,510,no,no,0,143.2,77,24.34,169.8,114,14.43,215.8,77,9.71,7.6,4,2.05,1,0
ME,177,415,no,no,0,232.8,106,39.58,175.2,97,14.89,212.2,77,9.55,12.5,7,3.38,2,0
NH,110,408,no,no,0,162,81,27.54,247.5,89,21.04,155.5,99,7,8.9,8,2.4,0,0
WY,53,415,no,yes,27,25.9,119,4.4,206.5,96,17.55,228.1,64,10.26,6.5,7,1.76,1,0
NY,108,415,no,no,0,154.2,123,26.21,112.3,86,9.55,246.4,75,11.09,15.4,4,4.16,4,1
ME,80,408,no,no,0,322.3,113,54.79,222,95,18.87,162.8,123,7.33,6.7,8,1.81,0,1
MN,158,408,no,no,0,209.9,112,35.68,221.3,82,18.81,210,93,9.45,8.2,3,2.21,1,0
OH,114,415,no,no,0,191.5,88,32.56,175.2,78,14.89,220.3,118,9.91,0,0,0,0,0
NC,64,408,no,yes,19,291.1,150,49.49,226.7,123,19.27,219.1,67,9.86,7.5,2,2.03,1,0
SD,88,415,no,no,0,215.6,115,36.65,216.2,85,18.38,171.3,65,7.71,11.8,1,3.19,3,0
UT,82,510,yes,no,0,208.8,101,35.5,213.7,87,18.16,175.1,86,7.88,12.4,6,3.35,3,0
KY,111,415,no,no,0,255.9,97,43.5,204.1,129,17.35,171.3,84,7.71,12.3,5,3.32,3,0
MT,60,408,no,no,0,252.7,97,42.96,221.1,121,18.79,109.9,100,4.95,12.4,4,3.35,2,0
NJ,113,408,no,no,0,132.1,72,22.46,247.5,107,21.04,246.2,123,11.08,6.9,6,1.86,3,0
FL,109,408,no,no,0,217,115,36.89,207,142,17.6,268,106,12.06,8.2,4,2.21,1,0
IN,105,510,no,yes,42,101.9,79,17.32,223.1,97,18.96,241.6,77,10.87,12.9,2,3.48,0,0
DE,85,510,no,no,0,211.5,100,35.96,184.6,88,15.69,164.3,131,7.39,13.3,4,3.59,2,0
AL,131,510,no,no,0,153.4,86,26.08,198.5,81,16.87,164.4,83,7.4,10.4,3,2.81,0,0
ME,59,510,no,no,0,166.3,95,28.27,239.3,87,20.34,123.2,108,5.54,10,3,2.7,2,0
SD,148,408,no,no,0,185.2,87,31.48,170.4,96,14.48,165.1,104,7.43,9.5,13,2.57,1,0
VA,210,408,no,no,0,104.6,121,17.78,149.5,71,12.71,255.1,67,11.48,6.5,8,1.76,2,0
AK,115,415,no,no,0,245.2,105,41.68,159,109,13.52,229.9,74,10.35,7.2,8,1.94,0,0
ID,106,510,no,no,0,274.4,120,46.65,198.6,82,16.88,160.8,62,7.24,6,3,1.62,1,0
RI,93,415,no,no,0,98.4,78,16.73,249.6,129,21.22,248.2,114,11.17,14.2,4,3.83,1,0
KY,57,415,no,yes,29,279.9,121,47.58,223.1,109,18.96,251.7,94,11.33,13,2,3.51,1,0
ND,98,510,no,no,0,187.2,127,31.82,195.6,88,16.63,181.8,129,8.18,5.1,4,1.38,1,0
HI,157,415,no,no,0,276.2,95,46.95,165.8,119,14.09,151.6,79,6.82,2.2,4,0.59,3,0
WI,116,415,no,yes,35,200.4,104,34.07,272.8,89,23.19,214.5,100,9.65,8.3,4,2.24,1,0
WV,30,510,no,no,0,162.3,96,27.59,244,122,20.74,180.1,89,8.1,9.1,4,2.46,2,0
NJ,111,510,no,no,0,176.9,128,30.07,102.8,56,8.74,213.7,84,9.62,10.5,2,2.84,4,1
KS,52,415,no,no,0,165.5,78,28.14,205.5,89,17.47,213.6,124,9.61,12.2,6,3.29,0,0
AL,72,415,no,no,0,217.8,93,37.03,189.7,113,16.12,182.6,91,8.22,10.4,5,2.81,4,0
NJ,135,510,no,yes,28,201.4,100,34.24,246.5,117,20.95,154.8,131,6.97,12.9,4,3.48,2,1
NC,86,510,no,no,0,190.5,115,32.39,179.6,130,15.27,258.5,89,11.63,10.1,5,2.73,3,0
DE,98,415,no,yes,29,179.9,97,30.58,189.2,89,16.08,164.3,76,7.39,12.8,7,3.46,3,0
WY,151,510,no,no,0,235.9,104,40.1,80.6,91,6.85,212.8,116,9.58,5.8,2,1.57,3,0
ID,118,415,no,no,0,140.4,112,23.87,187.1,60,15.9,207.9,155,9.36,7.9,1,2.13,0,0
NY,117,415,no,no,0,144.6,115,24.58,258.8,66,22,253.2,113,11.39,7.4,9,2,2,0
MO,55,510,no,no,0,189,100,32.13,118.5,99,10.07,248.1,87,11.16,17.1,6,4.62,0,0
ID,82,408,no,no,0,101,93,17.17,155.6,104,13.23,304.4,93,13.7,13.3,2,3.59,0,0
IA,152,415,no,no,0,206.3,98,35.07,292.8,82,24.89,43.7,121,1.97,10.6,4,2.86,1,0
TN,108,408,no,yes,15,165.1,85,28.07,267,93,22.7,250.7,114,11.28,10.9,4,2.94,1,0
OH,98,408,no,no,0,165,129,28.05,202.6,113,17.22,172.3,94,7.75,12.5,7,3.38,1,1
IL,130,415,no,no,0,155.9,95,26.5,256.1,97,21.77,262.9,103,11.83,11.7,3,3.16,3,0
FL,136,408,yes,no,0,199.2,122,33.86,214.7,114,18.25,150.9,105,6.79,11.8,7,3.19,1,0
MA,47,415,no,no,0,155.3,116,26.4,188.2,85,16,247,73,11.12,12.3,4,3.32,3,0
OK,189,415,no,no,0,208.3,106,35.41,236.7,123,20.12,179.1,120,8.06,11.3,5,3.05,3,0
KY,107,415,no,no,0,157.1,79,26.71,162.6,124,13.82,150,138,6.75,12.1,6,3.27,1,0
MI,91,415,no,no,0,154.4,165,26.25,168.3,121,14.31,239.9,81,10.8,11.7,4,3.16,5,1
NE,159,415,no,no,0,189.1,105,32.15,246.1,147,20.92,242,106,10.89,10.4,5,2.81,1,1
VA,11,408,no,yes,24,131.5,98,22.36,230.2,111,19.57,283.7,87,12.77,10,3,2.7,2,0
NY,167,415,no,no,0,166.4,85,28.29,243.2,135,20.67,229.2,95,10.31,9.9,5,2.67,1,0
MT,111,408,no,no,0,142.3,75,24.19,122.8,106,10.44,229.5,94,10.33,12.8,9,3.46,2,0
VT,99,408,no,yes,19,87.7,103,14.91,223,86,18.96,182.3,112,8.2,7.3,4,1.97,2,0
KS,159,415,no,yes,19,184.1,78,31.3,194.5,71,16.53,225.6,101,10.15,16.9,3,4.56,0,0
VA,114,415,yes,yes,31,174.5,104,29.67,224.2,92,19.06,116.3,91,5.23,12.3,10,3.32,2,0
AL,71,415,no,no,0,103.3,103,17.56,138.5,79,11.77,164.8,98,7.42,9,2,2.43,2,0
PA,122,415,no,no,0,35.1,62,5.97,180.8,89,15.37,251.6,58,11.32,12.7,2,3.43,1,0
AL,100,408,no,yes,25,246.6,94,41.92,141.4,112,12.02,189.8,109,8.54,13,5,3.51,1,0
WV,83,415,no,yes,37,78.5,109,13.35,210.5,101,17.89,179.7,102,8.09,11.8,4,3.19,1,0
NV,64,408,no,no,0,148.1,73,25.18,164.9,101,14.02,216,125,9.72,12.3,2,3.32,5,1
TN,105,408,no,no,0,206.2,84,35.05,256.4,138,21.79,117.1,91,5.27,9,3,2.43,1,0
ID,144,415,no,yes,33,251.6,87,42.77,197.6,118,16.8,209.2,97,9.41,12.2,3,3.29,2,0
WY,106,415,yes,yes,26,270.3,111,45.95,215.2,90,18.29,254,133,11.43,14.4,7,3.89,1,1
TX,19,510,no,yes,34,156.6,97,26.62,224.2,97,19.06,260.9,135,11.74,11.3,1,3.05,1,0
MA,46,408,no,no,0,139.4,81,23.7,223.7,113,19.01,173.1,77,7.79,13.6,6,3.67,1,0
IL,127,510,no,no,0,220.2,108,37.43,188.4,124,16.01,172.7,113,7.77,11.7,3,3.16,2,0
LA,9,415,no,yes,39,214.1,108,36.4,169.2,115,14.38,189.7,117,8.54,10.1,3,2.73,1,0
CO,157,415,no,no,0,196,74,33.32,213.4,96,18.14,196.8,81,8.86,7.9,6,2.13,1,0
UT,105,415,no,no,0,106.4,71,18.09,240.1,83,20.41,147.7,114,6.65,5.3,4,1.43,6,1
MI,105,415,no,yes,29,179.4,113,30.5,275.4,100,23.41,246.1,105,11.07,10,5,2.7,0,0
NH,155,408,no,no,0,216.7,30,36.84,144.3,125,12.27,135.3,106,6.09,10.8,1,2.92,2,0
ID,31,415,no,no,0,177.3,129,30.14,152.8,105,12.99,162.9,92,7.33,5.1,2,1.38,0,0
WA,161,415,no,no,0,151.6,117,25.77,219.4,87,18.65,224.7,68,10.11,4,5,1.08,1,0
MN,95,408,no,yes,32,262.2,123,44.57,165.2,82,14.04,194.3,57,8.74,10.6,5,2.86,0,0
NY,122,415,no,no,0,173.6,110,29.51,91.7,84,7.79,211.7,103,9.53,9.7,7,2.62,3,0
MD,37,415,yes,no,0,106.6,76,18.12,147.4,89,12.53,235.8,113,10.61,9.6,8,2.59,2,0
GA,132,415,no,no,0,193.3,106,32.86,128.3,94,10.91,162.1,119,7.29,11.6,4,3.13,5,1
HI,119,408,no,yes,24,217.2,94,36.92,138.7,52,11.79,139.3,85,6.27,11.3,4,3.05,0,0
AL,16,408,no,no,0,209.5,89,35.62,172.8,85,14.69,94.1,102,4.23,8.8,4,2.38,1,0
CT,99,408,no,no,0,95.4,105,16.22,207.2,101,17.61,136,117,6.12,5.6,5,1.51,1,0
CO,76,408,no,yes,26,214.6,110,36.48,205.2,87,17.44,134.6,140,6.06,8.1,2,2.19,1,0
KS,167,415,no,no,0,131.6,120,22.37,211.3,96,17.96,168.3,97,7.57,11.1,4,3,4,1
NJ,129,415,no,no,0,168.4,117,28.63,217.1,129,18.45,81.6,100,3.67,11.8,7,3.19,1,0
FL,116,408,no,no,0,146.4,123,24.89,176.6,113,15.01,212.6,102,9.57,7.8,5,2.11,1,0
CA,60,415,yes,no,0,183,110,31.11,206.7,93,17.57,203.8,119,9.17,11.1,6,3,1,0
KS,128,415,no,no,0,103.3,122,17.56,245.9,123,20.9,161.1,95,7.25,6.4,7,1.73,0,0
TX,47,408,no,yes,28,112.2,70,19.07,154.8,106,13.16,166.7,105,7.5,10.6,2,2.86,0,0
MN,40,510,yes,no,0,170.7,55,29.02,179.1,108,15.22,281.9,89,12.69,8.2,9,2.21,3,0
AK,173,510,no,no,0,172.5,78,29.33,142.6,91,12.12,102,63,4.59,10.9,2,2.94,0,0
OR,157,510,no,yes,30,194.3,107,33.03,243.2,108,20.67,322.2,114,14.5,7.1,5,1.92,1,0
MS,66,408,no,yes,32,187.8,117,31.93,129.8,90,11.03,132.3,113,5.95,12,3,3.24,2,0
